driverId,name,ssn,location,certified,wage-plan
10,Cassandra Delgado,210-85-9781,"36001 Kathy Shores
Kentport, AK 03812",N,hours
11,Stephanie Davis,730-11-7389,"16237 Katherine Club Apt. 471
North Mark, NY 37614",Y,miles
12,William Garza,090-82-6202,"PSC 1567, Box 0086
APO AP 21492",N,hours
13,Danielle Walker,019-84-9961,"0332 Farley Land Apt. 567
South Carl, IL 08313",N,miles
14,Tanya Munoz,877-15-8487,"650 Marcus Plaza Apt. 541
Gutierrezchester, MN 78683",Y,hours
15,Dennis Edwards,700-02-1895,"7198 Brown Plains
Lake Ashleychester, MH 92733",Y,hours
16,Samantha Smith,764-72-1199,"PSC 6731, Box 1378
APO AE 19049",N,miles
17,Brian Potter,226-10-8818,"PSC 3293, Box 3939
APO AA 55516",Y,miles
18,Christopher Stevens,392-60-5004,"32220 Steven Rapid
Lake Judithton, LA 29949",Y,hours
19,Jason Barton,592-91-8861,"1949 Adam Lights Apt. 248
Brownmouth, UT 88996",N,miles
20,Karina Roberts,544-54-9670,"012 Nicholas Plain
New Matthewland, FL 54908",Y,hours
21,Michael Matthews,772-71-1849,"Unit 2402 Box 0242
DPO AA 78082",N,miles
22,Christopher Ramirez,169-17-6157,"18217 Davis Spring
Lake Yolandastad, ID 68206",N,hours
23,Angela Kemp,648-14-8978,"3933 Jones Rapids
Millerland, IL 23195",N,hours
24,Erica Garner,454-78-6494,"66848 Holly Spurs
Normanton, FL 09429",Y,miles
25,Gabrielle Schwartz,429-86-8455,"09899 Velazquez Mill
Tammyton, AS 02121",N,hours
26,Sherry Martin,080-95-5358,"Unit 5030 Box 2172
DPO AA 28201",N,miles
27,Madison Porter,180-21-4293,"905 Bond Stream Apt. 991
Cookhaven, WV 55540",Y,miles
28,Jonathan Burton,731-02-2907,"10751 John Lake
South Elizabeth, AR 64033",Y,miles
29,Audrey Wells,340-28-4417,"8144 Prince Harbor
Williamhaven, ID 56153",Y,hours
30,Larry Williamson,303-80-3094,"506 Graham Hills
Port Lindaland, SD 24696",N,miles
31,Benjamin Hernandez,129-51-6295,"Unit 9747 Box 6430
DPO AA 98158",Y,miles
32,Stephen Winters,297-07-1656,"5617 Veronica Stream
West Michaelview, IN 06229",N,hours
33,Amanda Gillespie,880-10-3794,"1961 Thomas Stravenue Apt. 770
Paulbury, MA 97078",N,miles
34,Julie Robles,313-74-6468,"29794 Javier Walk Apt. 635
North Jacktown, IL 96857",Y,miles
35,Anthony Walls,663-15-4676,"8847 Berg Cape
Carlsonmouth, GU 37448",N,miles
36,Claire Lopez,769-54-8459,"080 Grant Overpass Apt. 097
Bullockport, WI 46795",Y,hours
37,Luis Evans,854-63-5709,"0166 Heather Cliff Suite 470
North Larryport, NM 59307",Y,miles
38,Kathy Walton,640-60-3526,"8291 King Shores Suite 140
Maryside, FL 37881",N,miles
39,Jacqueline Huffman,508-96-4326,"37971 Miranda Estate
Port James, KS 99700",N,miles
40,Angela Moore,874-43-9794,"71903 Ralph Camp
New Christopher, GA 86039",Y,hours
41,April Johnson,408-25-3544,"95046 Richardson Estate Suite 630
East Kristin, PR 44754",N,hours
42,James Solomon,640-35-0336,"85655 Vincent Loaf Suite 049
Hornton, NV 87878",Y,hours
43,Theresa Johns,372-21-4443,"Unit 9119 Box 6578
DPO AE 30021",Y,miles
44,Mary Keller,253-04-0795,"31165 Jessica Run
Woodsmouth, MH 55802",Y,hours
45,Lynn Mullins,522-48-8310,"5295 Anderson Fords
Mckayborough, SD 49873",N,miles
46,Jose Hill,147-54-9546,"4014 Bray Cove
West Chase, NC 23196",Y,miles
47,Kenneth Martinez,384-55-5872,"70018 Greene Throughway Suite 106
Ericahaven, PR 43395",N,hours
48,Samantha Anderson,159-63-9112,"334 Stacy Lodge
Nashtown, NV 02418",Y,hours
49,William Heath,590-43-2851,"3085 Cruz Forges
Johnsonfort, ID 62796",N,hours
50,Adrienne Franklin,183-52-7874,"255 Leblanc Ridge Suite 816
Lake Travischester, GA 26454",Y,hours
51,Phyllis Gordon,035-59-6883,"57366 Thompson Well Suite 659
Potterport, PA 29820",Y,hours
52,Robert Garcia,824-79-7880,"78483 Randy Fords Suite 688
New Juanfurt, GA 23550",Y,hours
53,Andrew Gregory,647-92-9774,"46604 Martinez Curve Suite 108
Amandaberg, PA 16934",N,miles
54,Tanner Wagner,278-97-6945,"USNV Arnold
FPO AP 83709",N,miles
55,Andrew Richard,359-46-8093,"Unit 3247 Box 9965
DPO AE 61062",Y,hours
56,Steven Wilkerson,442-87-6235,"292 Tonya Fork Suite 687
Ricebury, MP 96527",N,miles
57,Carla Contreras,563-78-2663,"56332 Parker Place
East Michaelmouth, IL 37277",N,hours
58,Michael Peterson,077-28-5019,"28206 Hartman Wall Apt. 455
Port Meredithton, MD 37227",Y,hours
59,Lawrence Davis,877-78-9911,"25634 Holmes Burg
South Matthew, ME 55639",N,miles
60,Lisa Jones,630-62-6790,"9590 Alexander Wall
New Carriemouth, MA 88502",N,hours
61,Cheryl Waters,046-47-9929,"Unit 1847 Box 2247
DPO AP 95214",N,miles
62,Mrs. Kaitlyn Gutierrez MD,358-96-8292,"856 Evans Burgs Apt. 054
East Timothyport, GU 56952",N,hours
63,Brad Miranda,321-65-4660,"37860 Duane Plains
East Stephaniemouth, VT 22471",N,hours
64,Sophia Townsend,793-26-6300,"2453 Chase Union Suite 261
Simpsonmouth, SD 46800",N,miles
65,Allison Cortez,747-34-1986,"2208 Hutchinson Well Suite 610
West Brandon, DE 87370",Y,miles
66,Ryan Singleton,538-58-0890,"45254 Ray Locks Apt. 128
Barbaraberg, AL 53554",Y,miles
67,Lauren Ball,536-52-4198,"2625 Brewer Freeway Apt. 299
Port Tammy, PR 21898",Y,miles
68,Pedro Kelly,509-59-9233,"84961 Philip Drive
New Greg, PA 45443",Y,hours
69,Denise Anderson,199-86-6315,"001 Trevor Glens Apt. 894
North Bradley, KY 11586",Y,hours
70,Johnny Kim,373-62-3479,"24978 Leblanc Viaduct Apt. 730
West Gloria, NV 10993",N,hours
71,Ronald Simmons,264-76-9643,"8500 Dylan Trail Apt. 161
South Jessica, VT 59100",Y,hours
72,Hunter Pratt,728-91-4163,"1893 Michael Expressway
North Loriborough, LA 00704",Y,hours
73,Travis Green,220-36-0880,"313 Elliott Place
South Steveberg, RI 66218",N,hours
74,Jodi Jackson,693-13-2287,"9194 Reid Court Suite 093
Bradyville, IA 38147",N,miles
75,Kevin Love,677-83-9506,"455 Justin Dam Suite 179
Gonzalezburgh, HI 92941",Y,hours
76,Janice Berry,261-05-0714,"50709 Jones Lock
East Aliciaburgh, RI 64847",N,hours
77,Kristen Coleman,246-34-1696,"68406 Wise Avenue Suite 622
Andrewmouth, GU 33020",Y,miles
78,Gregory Harmon,624-27-5517,"04051 Heather Ridge
New Jerry, WI 94519",Y,miles
79,Cory Conley,802-88-1660,"45979 Jessica Stream Suite 679
Barbaraport, TX 90423",N,miles
80,Sabrina Kirby,512-13-7419,"505 Collins Roads Suite 742
Port Reginachester, FM 62771",Y,miles
81,Rebecca Malone,460-57-2490,"00240 John Shores Suite 787
Robinsonland, WI 98657",Y,miles
82,Samantha Johnson,276-17-8847,"5287 Santos Extensions
South Brianville, GA 52459",Y,miles
83,James Harris,488-76-8844,"USNS Daugherty
FPO AA 20029",N,miles
84,Cindy Murphy,201-72-2950,"202 Mann Mews
Toddborough, AS 89847",N,miles
85,Cathy Archer,821-58-5207,"USNS Davis
FPO AA 51532",N,hours
86,Scott Turner,078-25-2215,"16678 Perez Field Apt. 988
Port Taylorland, OR 61696",Y,miles
87,Douglas Walker,765-22-2332,"65242 Katrina Extensions Suite 296
Lake Robert, AS 31542",N,miles
88,Shelia Meyer,381-18-3223,"41988 Richard Stream
Kelliebury, KS 10456",Y,miles
89,Marissa Morton,640-92-4546,"USCGC Padilla
FPO AA 18960",Y,hours
90,Dustin Andrade,053-47-5910,"9161 Potter Village
South Dan, VT 85967",N,hours
91,Ruth Kirby,504-74-7813,"20664 Wheeler Mountains Apt. 362
Stephanieshire, MD 28578",N,hours
92,Gregory Flores,715-20-5648,"3567 Katie Forges Suite 332
North Matthew, OK 83869",N,miles
93,Chelsey Boyer,612-05-6094,"480 Mays Harbors
Stevenchester, NV 54126",Y,hours
94,Douglas Wright,062-80-9799,"35340 Joseph Common Apt. 327
Williamstad, OR 45601",Y,hours
95,Dr. Breanna Berger DDS,267-62-7876,"750 Willis Rapid Apt. 487
Marilynstad, AL 58861",N,hours
96,Jeffrey Herrera,519-33-3820,"Unit 3621 Box 4203
DPO AE 90157",Y,miles
97,Tammy Kim,116-52-1535,"72109 Michael Land Apt. 080
Barbaraborough, CO 96785",Y,miles
98,Edward Duffy,357-38-5119,"4382 Henry Rapid
East David, GA 19969",Y,hours
99,Mary Mosley,265-44-6377,"4817 Cummings Meadow Apt. 832
Ricestad, OR 82742",N,hours
100,Anthony Mitchell,355-13-9963,"85488 Derek Course Apt. 135
East Misty, OH 46802",Y,hours
101,Mallory Taylor,323-99-7942,"016 Danielle Bridge
Dixonborough, FM 22011",Y,miles
102,Joshua Porter,231-50-1731,"0026 Cherry Mission
Jonathanhaven, IL 06187",N,miles
103,Heather Brown,607-89-8680,"02123 Noble Crescent Suite 471
Port Samantha, MH 81112",Y,hours
104,Rebecca Foster,394-14-2975,"0760 Thompson Inlet Suite 629
Robertmouth, MD 55181",N,hours
105,Christina Smith,747-42-3488,"4180 Christopher Ports Apt. 685
Hunterstad, WA 89198",N,hours
106,Jacob Wright,661-80-0767,"66380 Daniel Mission Suite 423
Kennethbury, GU 65108",N,hours
107,Jill Hughes,350-32-6954,"USCGC Shaw
FPO AE 76441",N,miles
108,Gary Holmes,511-39-5052,"9376 Shannon Valley
Lauraberg, OR 84282",Y,hours
109,Cody Myers,614-22-7745,"50774 Dillon Plains Suite 157
East Heatherburgh, DC 41465",N,miles
110,Megan Morrison,841-71-4181,"25962 Hess Flat Apt. 989
New Sheilaville, MD 13047",Y,miles
111,Sean Mcneil,405-51-7796,"97186 Cameron Corner Suite 233
Lake Michael, FL 43315",Y,hours
112,Brian Shannon,472-28-2493,"6600 Bridget Ports
South Michaelshire, MA 68603",N,miles
113,Shannon Anderson,878-64-0845,"977 Jason Parkways Apt. 512
Richardville, OH 76286",Y,hours
114,Erika Smith,646-63-0071,"65322 James Ford
North Christophershire, MH 91775",N,miles
115,Robert Henderson,252-46-3300,"507 Emily Mountains Suite 585
Nicholasshire, ID 30178",Y,hours
116,John Davis,732-86-1907,"USS Ingram
FPO AA 91711",Y,hours
117,Shelly Dyer,391-35-2801,"385 Williams Gardens Apt. 488
New Laurafurt, MT 06750",N,hours
118,Adam Mcconnell,365-63-6994,"7016 Hayes Orchard Suite 392
Floydfort, WY 19567",Y,hours
119,Cynthia Fox,332-06-6768,"20802 Gonzalez Garden
Port Mariashire, GA 90656",N,hours
120,Jason Andrews,868-76-2835,"4352 Shelly Springs
Lake Kellymouth, GU 66301",N,hours
121,Barbara Johnston,167-31-3965,"092 Gray Light Apt. 879
Lake Jeffreyberg, DC 93737",Y,miles
122,Vincent Nelson,792-71-9588,"59456 Dana Village Apt. 416
Jamesfort, HI 43049",N,hours
123,Michael Lewis,848-10-4922,"00408 Baldwin Groves
North Tammy, CT 17711",N,hours
124,Shelley Bennett,653-33-6575,"5766 Brown View
Port Sean, ME 05840",N,miles
125,Jason Atkins,467-16-0269,"6849 Stokes Harbors Suite 615
Watsonview, UT 37331",Y,miles
126,Clarence Lee,153-32-2929,"9101 Stephen Key Suite 796
East Jenniferbury, GA 16691",Y,hours
127,Joseph Burnett,062-55-2183,"4296 Richardson Ports
Odomtown, FL 37227",Y,hours
128,Shawn Hale,334-12-7062,"6309 Mary Shore Suite 528
East Daniel, MA 44180",N,miles
129,Lori Weber,572-78-0362,"9427 Burton Port
South Victoria, VT 85767",Y,hours
130,Albert Juarez,154-54-3656,"276 Bennett Key
Beasleyshire, MI 87723",N,miles
131,Cassandra English,224-02-8968,"59942 Janet Unions Apt. 829
Kaufmanton, MD 20310",Y,hours
132,Curtis Ross,063-05-7067,"650 Victoria Circle
Port Joshua, WV 22637",N,hours
133,Kevin Beck,849-95-9081,"1307 Mcguire Route Suite 383
Bentonport, VI 08180",N,hours
134,Carlos Sellers,271-72-0158,"20082 Jason View Apt. 883
Raymondside, CT 79383",N,hours
135,Anthony Harmon,461-85-7024,"94338 Lambert Ville
Michaelberg, OH 16034",Y,hours
136,Jonathan Mckenzie,435-08-5089,"15181 Laura Light Apt. 804
North Leahside, PA 93013",N,hours
137,John Berry,126-26-9564,"4601 Donna Mission Apt. 156
Courtneyshire, OR 43991",Y,miles
138,Alexis Walsh,747-20-6349,"USNV Green
FPO AA 22322",N,hours
139,Alexis Schneider,653-02-7954,"97753 David Isle
East Alexandriamouth, ME 47331",N,hours
140,Kimberly Payne,641-10-7906,"1701 Joy Crescent Apt. 040
New Anthony, HI 73131",N,miles
141,Danny Rogers,104-02-9101,"083 Laurie Via Suite 196
East Laura, AS 79703",Y,miles
142,Christopher Cameron,193-61-7417,"USS Torres
FPO AA 54693",N,miles
143,Elizabeth Douglas,784-21-1703,"262 Garza Isle Apt. 782
Johntown, VT 63768",N,miles
144,Patricia Henderson,878-58-3238,"908 Sarah Estates Suite 516
Sarahville, MD 90053",Y,miles
145,Joshua Moore,432-03-0762,"257 Cain Station
North Melanietown, TX 94450",N,miles
146,Kathleen Smith,188-68-3966,"604 Amanda Valleys Suite 768
North Lauraborough, NE 61589",Y,miles
147,Michael Lowe,280-96-2036,"241 Barnes Haven Apt. 712
Sullivanborough, AK 92005",N,hours
148,Richard Whitaker,616-28-8196,"03494 Cathy Valleys Apt. 293
West Cindy, NH 68833",Y,hours
149,Bonnie Nash,721-90-6120,"49097 Smith Forge
New Jennifer, PA 26849",N,miles
150,Juan Thompson,624-25-4852,"0285 Melinda Port
Ballmouth, DE 31832",Y,hours
151,Cynthia Villegas,177-04-6816,"4408 Gonzalez Station Apt. 609
Lake James, NM 36100",N,hours
152,Richard Bailey,124-18-9762,"42278 Smith Village
New Robertside, VT 30165",Y,hours
153,Amanda Martinez,526-44-6388,"59604 Cochran Harbors Apt. 572
Howardview, NH 16572",Y,miles
154,Jeffrey Coleman,669-87-2994,"5624 Theresa Isle Suite 911
Hallfort, AK 13339",Y,miles
155,John Cox,540-08-2128,"654 Logan Curve
Kevinhaven, DE 63068",Y,hours
156,Janice Williams,532-38-1138,"PSC 4401, Box 0212
APO AE 99048",N,hours
157,Lindsay Pineda,603-61-3508,"78859 Johnson Via
Brittanyshire, WV 85046",Y,hours
158,Lauren Fisher,103-05-4239,"1395 Schultz Lake
Lake Cherylhaven, MI 01326",N,hours
159,Debra Mullins,161-81-2942,"926 Mccarthy Shore Suite 863
Robertsfort, VA 28086",Y,hours
160,Kristi Green,474-14-8797,"547 Joseph Glens Apt. 953
Michaeltown, LA 49148",N,hours
161,Jennifer Ball,632-35-4795,"64464 Justin Ranch Apt. 415
West Lindafort, WA 88995",N,hours
162,Emily Maxwell,208-78-1555,"577 Tonya Divide Suite 973
Port Tamarahaven, TN 35014",Y,miles
163,Tracey Buckley,084-27-4329,"5297 Amy Mills Apt. 476
Rodriguezside, CT 41448",N,hours
164,Justin Phillips,691-33-8240,"7968 Michael Burg
West Chad, VI 17022",N,miles
165,David Houston,155-37-7661,"7285 Pierce Trail Suite 791
Lake Randychester, PA 86299",Y,miles
166,Matthew Jones,521-26-6007,"3242 Johnson Orchard Apt. 851
West Joelhaven, MA 58375",Y,miles
167,Kevin Dunn,624-52-0926,"498 Sara Park
Scottland, WA 43836",Y,hours
168,Dylan Hester,730-01-6375,"4389 Taylor Vista Suite 204
East Elizabethville, DC 09148",Y,miles
169,Natalie Greene,709-18-9196,"4489 Derrick Dale Suite 329
South Robert, PA 53578",Y,hours
170,Scott Fields,574-41-1742,"645 Michael River
Dianaville, RI 78337",N,miles
171,Anna House,195-40-7799,"PSC 4182, Box 1289
APO AE 25348",Y,hours
172,Clayton Ross,192-96-9810,"572 Patton Pike Apt. 219
Micheletown, ND 15231",N,hours
173,Elizabeth Jackson,497-03-1175,"098 Hunter Haven Suite 920
Port Kaylaberg, NJ 08995",Y,miles
174,Chelsea Edwards,648-20-0732,"61950 Cheryl Station Suite 414
West Ianburgh, HI 62438",Y,hours
175,Daniel Randolph,484-52-4434,"USNV Nunez
FPO AA 53753",Y,miles
176,Rachel Wright,237-93-3449,"9520 Kimberly Unions
Lake Arthur, AS 70265",Y,hours
177,Lindsay Dixon MD,352-20-9118,"1817 Parker Brooks Apt. 036
Brianmouth, HI 09470",N,miles
178,Kimberly Singleton,774-69-2409,"721 Michael Spring
New Vernon, AL 01607",N,miles
179,Mr. Jermaine Gibbs,672-40-9617,"9236 Medina Meadow
Josephmouth, CA 10618",Y,hours
180,Katie Allen,615-58-4557,"43022 Oliver Groves
Martinezton, MH 94230",Y,miles
181,Lisa Mcdaniel,809-46-9841,"1477 Henry Stravenue Suite 626
North Jodi, WY 33201",Y,hours
182,Haley Pace,651-11-2434,"8164 Swanson Canyon
Nixonshire, VT 82709",Y,hours
183,Larry Walton,734-15-4159,"9394 Lisa Bypass
West John, PW 85724",Y,hours
184,James Jones,827-41-5717,"1156 Teresa Turnpike
Aprilberg, MP 49782",N,miles
185,Holly Faulkner,840-79-0223,"01632 Potter Port Suite 191
Amberberg, VA 39098",Y,miles
186,Matthew Johnson,295-63-5065,"5162 Lara Field Apt. 406
South Waltermouth, FM 88256",Y,miles
187,Sheila Ford,837-38-6558,"USNV Sheppard
FPO AE 33235",N,hours
188,Kyle Wallace,005-54-8393,"52732 Gray Path
Lake Alexanderburgh, NJ 47501",Y,miles
189,Anne Marsh,185-79-1111,"1973 Sullivan Summit
Taylormouth, GU 82477",N,hours
190,Tracy Hampton,671-60-9731,"341 Brock Stream
Beckburgh, RI 01289",N,hours
191,Annette Hill,449-05-7219,"634 Kimberly Port Apt. 833
Wareshire, MH 96258",Y,hours
192,Dr. Joseph Nguyen MD,405-59-1819,"9893 Miller Mews Suite 499
Cookton, GU 69844",N,miles
193,Teresa Gonzalez,883-97-9297,"4499 Gary Walk Apt. 661
Frankberg, SC 45094",Y,miles
194,Sean Adams,275-77-1609,"88182 Cortez Fall Apt. 026
Lake Amanda, IN 48358",N,hours
195,Alex Brown,026-79-2390,"7690 Reynolds Mountain
Mossburgh, NY 96802",N,hours
196,Stephen Ingram,572-36-3614,"082 Chase Extension
Juliatown, MD 53950",Y,miles
197,Luis Cherry,006-90-3119,"367 Leslie Ville Apt. 096
Savannahborough, WA 79417",Y,miles
198,David Harris,835-09-6742,"31349 Benjamin Well Suite 121
Port Krystalburgh, OR 40355",N,hours
199,Frank Mitchell,655-11-8350,"11960 Galloway Ridge Suite 125
South Mollymouth, FL 16112",Y,miles
200,Austin Reynolds,635-73-7919,"296 Angela Mills
Richmondview, SC 58382",N,hours
201,David Melendez,688-53-0671,"70380 Hogan Row
South Kelseybury, MN 80724",Y,miles
202,Carly Poole,369-43-6705,"62981 Mark Expressway
East Shannonmouth, AS 26536",N,hours
203,Rita Jones,269-20-5901,"9943 Harris Vista
Evelynbury, MI 09726",N,miles
204,Robin Wright,426-65-7690,"9276 Samantha Row
Michaelbury, AZ 44203",Y,hours
205,James Saunders,558-80-2960,"30184 Heather Camp
New Jamesberg, SC 01272",N,hours
206,Joseph Lee,422-44-6349,"534 Gonzalez Ways
Vasquezton, MD 87134",Y,miles
207,John White,518-71-0265,"00532 Joseph View
New Shawnaport, OK 24283",Y,hours
208,Krista Bell,164-01-9840,"397 Wilson Skyway
Meganside, FM 16614",Y,hours
209,Tina Cervantes,299-19-7183,"25185 Susan Camp Suite 534
Amyhaven, NV 23767",N,hours
210,Raymond Silva,610-48-1665,"1401 Hunt Lodge Apt. 064
Andersonbury, KS 58230",Y,hours
211,Jeffrey Reid,739-69-0270,"2717 Michele Cliffs
South Ronaldshire, SC 61935",N,miles
212,Timothy Meyer,182-29-5554,"08717 Allison Dam Apt. 873
Lake Seanburgh, PA 94094",Y,miles
213,Jeffery West,616-68-6204,"637 Linda Summit Apt. 110
Butlershire, WA 12202",Y,miles
214,Derrick Robbins,233-63-8695,"1715 Luis Row Suite 416
Armstrongbury, OR 59227",Y,miles
215,Ryan Smith,279-99-8340,"USS Mahoney
FPO AP 38934",Y,miles
216,Jamie Sanford,754-10-6783,"8218 Mason Wells Suite 320
Sanchezshire, AR 53654",N,hours
217,Tiffany Silva,148-45-8042,"5345 David Orchard
West Melanieland, HI 24022",N,hours
218,Patricia Rojas,835-51-1029,"335 Booth Roads Apt. 193
Beltranton, UT 23089",Y,hours
219,Tony Nguyen,601-47-3239,"23075 Nicholas Mill Apt. 993
New Teresa, DC 45793",Y,miles
220,Jason Jones,553-48-3818,"72296 Kathleen Point
West Robertborough, MA 73454",N,hours
221,Troy Morris,282-43-4714,"34965 Kenneth Street
East Jillport, ID 36484",N,hours
222,Jacob Castillo,506-23-7379,"55910 Diamond Underpass Suite 142
Johnsonchester, NH 19186",Y,hours
223,Timothy Wright,359-59-2086,"877 Paul Hollow Suite 501
Jennafort, OR 24020",Y,miles
224,Megan Reeves,341-99-5572,"3319 Simmons Gardens Suite 079
New Michellemouth, PA 17523",Y,miles
225,Omar Harris,777-34-2506,"9427 Haney Lights
Loganmouth, KS 39313",Y,hours
226,Taylor Lester,768-86-7845,"314 Howell Rest Suite 014
South Arianamouth, CO 28756",Y,miles
227,Melanie Calderon,727-75-8718,"39992 Mcpherson Garden
Lukeberg, DC 12284",N,miles
228,Mr. Matthew Jones,592-27-5575,"515 Travis Parkways
North Amy, VA 90201",N,miles
229,Matthew Gomez,014-17-4320,"751 Devon Mall
Lanceport, NC 83290",Y,miles
230,Katie Harris,409-62-9717,"690 David Pike
Osbornemouth, NM 42368",Y,hours
231,Ethan Francis,751-45-5462,"PSC 8738, Box 1036
APO AE 54735",N,miles
232,Anthony Lucas,469-93-4170,"9934 Horne Parks
South Jodi, OK 36971",N,hours
233,Emily Lewis,260-14-6937,"093 Christine Mountains Suite 037
Port Stephanieport, WV 44526",Y,miles
234,Mr. Jacob Decker,499-19-7589,"35249 Dunn Harbor Apt. 461
Lake Marieside, WY 48692",N,miles
235,Kimberly Gay,678-47-0904,"9245 Gregory Highway
New Stephanie, HI 19445",N,miles
236,Douglas Farmer,385-13-6763,"65409 Mark Divide Suite 070
Courtneystad, MD 19148",N,miles
237,Richard Schultz,334-11-4972,"19340 Powers Lock
New Lindsay, IA 04071",N,miles
238,Crystal Murillo,794-25-7757,"94586 Foster Neck
Jenniferland, NV 12872",N,miles
239,Tracy Chaney,509-64-5104,"6976 Peterson Bypass
Allenside, MD 27398",Y,miles
240,James Bryant,698-57-3371,"7060 Kimberly Light Apt. 825
Martinezbury, TN 83540",Y,miles
241,Curtis Hammond,776-27-8115,"7215 Young Squares
North Roberttown, VA 00718",N,miles
242,Nancy Andrews,556-59-7133,"8181 Montgomery Row Apt. 845
Perezview, IL 68287",Y,miles
243,Alexis Boyd,730-89-8236,"877 Wilson Field Apt. 708
Pageville, NY 94344",Y,miles
244,Tiffany Moore,438-46-6113,"18526 Hill Inlet
Seanfort, NE 27851",N,miles
245,Michael Byrd,859-99-0115,"747 Burke Camp Suite 595
Dawnmouth, UT 31216",N,hours
246,Laura Campbell,338-50-1392,"39440 Joshua Islands Apt. 088
Elliottstad, PW 79078",N,miles
247,Karen Duncan,194-06-0976,"Unit 2800 Box 4854
DPO AE 75798",N,miles
248,Lauren Clarke,162-30-8074,"2708 Morris Alley
West Jonathanton, NJ 42686",N,miles
249,Alan Snyder,090-51-4393,"551 Sampson Plain Apt. 612
Johnstad, WY 05408",N,miles
250,Brandon Jacobson,127-97-0181,"8649 Barbara Motorway
Cheryltown, IN 36022",N,hours
251,Kevin Miller,310-79-2399,"USCGC Mayer
FPO AE 33012",Y,miles
252,Michael Fuller,702-74-1369,"46192 Gordon Course Apt. 222
New Melissaland, NV 38365",Y,hours
253,Christopher Brown,665-22-6697,"99519 Kent Street Suite 140
Jenniferside, DC 13186",N,hours
254,Cory Olson,429-19-5402,"1256 Kristine Underpass Apt. 204
New Hannahmouth, NC 60254",N,miles
255,Robert Chavez,510-19-0083,"809 Wendy Village
Johnshire, SD 52454",N,miles
256,Richard Calderon,640-09-3233,"USS Williams
FPO AP 62431",Y,hours
257,Amanda Ramos,068-07-6931,"16475 Derrick Parkways
Douglaston, WA 16331",N,hours
258,Blake Porter,364-03-2787,"USCGC Evans
FPO AP 09877",N,hours
259,Diana Gallagher MD,246-46-4314,"84522 Christian Shoals
Port Amandatown, CA 52431",N,hours
260,Michael Woodard,844-63-3752,"46504 Juan Roads Suite 207
West David, MP 66246",N,hours
261,Emily Smith,020-56-6063,"96854 Combs Highway Suite 226
East Jeffrey, AR 38729",N,miles
262,Linda Glass,654-89-7448,"6919 Barton Vista Apt. 836
South Baileyfurt, MO 19380",N,hours
263,Nicole Torres,791-68-0541,"849 Torres Plaza Apt. 028
Aguilartown, CO 04358",Y,hours
264,Ryan Anderson,023-60-7373,"USS Byrd
FPO AP 29169",N,hours
265,Andre Monroe,524-99-0140,"759 Johnson Ports
Lake Duane, MI 77683",N,hours
266,Jason Allen,120-38-1796,"76824 Stephanie Squares Suite 295
New Kaylamouth, VI 79592",N,hours
267,Gregory Thomas,327-67-2248,"PSC 9357, Box 5035
APO AP 21959",N,hours
268,Christopher Wood,549-50-1105,"03470 Craig Port
Lake Coreyton, NC 84200",Y,hours
269,Taylor Ortiz,531-05-8100,"849 Potter Union
Greerfurt, WI 26180",Y,miles
270,Kirk Pace,343-94-5368,"54090 King Estate Suite 211
South Johnny, HI 43267",Y,hours
271,Tracy Johnson,068-31-1157,"8631 Johnson Corner
Yvonnehaven, MA 70579",Y,miles
272,Judith Hamilton,047-97-7887,"618 Ruben Mountains
Frankshire, IL 77470",Y,hours
273,Natasha Smith,187-76-3523,"87838 Jose Ports
Port Heatherfort, MN 91099",Y,miles
274,Jason Johnson,374-58-0034,"USNS Wolfe
FPO AE 82168",N,miles
275,Daniel Acosta,241-20-3435,"5080 Mcintosh Springs
Garyside, AL 77876",N,miles
276,Raymond Clark,260-21-3520,"USNS Clements
FPO AE 92847",Y,miles
277,Kevin Brown,089-94-6572,"37978 Reynolds Villages Apt. 599
West Elizabeth, NH 56371",N,miles
278,Steven Reed,580-37-5567,"512 David Green Suite 960
Matthewstad, NV 70655",Y,hours
279,Sharon Phelps,375-39-3196,"71295 Caleb Fields
Webbshire, TN 95330",N,hours
280,Matthew Green,425-20-5393,"27874 Jason Estate
Sullivanchester, WA 36807",N,hours
281,Richard Schultz III,478-71-1451,"17465 Amanda Track Suite 687
Port Sabrinafurt, MN 59559",Y,hours
282,Karina Love,079-87-8000,"817 Catherine Turnpike
Estesport, MD 56055",N,miles
283,Ashley Williams,386-26-2016,"85191 Wilkins Vista Apt. 875
Timothymouth, CO 23810",N,hours
284,Deborah Owen,557-97-3021,"05358 Christopher Shores Apt. 897
Riceton, AS 69055",Y,miles
285,Reginald Savage,850-19-3296,"8284 Juan Streets Suite 043
Fraziermouth, SD 17770",Y,hours
286,Michael Ross,091-46-2589,"PSC 0124, Box 1893
APO AP 43085",N,miles
287,Jerry Benton,290-52-5322,"586 Jones Light
Porterview, OK 47707",Y,hours
288,Eric Oconnell,510-33-9546,"3106 Ferrell River
North Carloshaven, AR 78210",Y,miles
289,David Diaz,445-45-6167,"10172 Hill Summit
New John, GA 50877",Y,hours
290,Amber Robinson,515-47-0945,"605 John Courts
Stephenmouth, WI 07527",N,miles
291,Nathaniel Schaefer,188-68-1759,"336 Juan Gardens Apt. 803
West Brianburgh, DE 06013",Y,hours
292,Jason Kramer,718-14-7228,"339 Jonathan Garden
South Tammy, PR 52881",N,miles
293,Michael Calhoun,069-48-6569,"97122 Alyssa Tunnel
Franciscoland, VT 78898",Y,hours
294,Stephanie Jones,227-28-8861,"5309 Cox Trafficway Suite 713
Maryville, SD 18009",N,hours
295,Marie Carter,170-67-4717,"495 Jasmine Manor Suite 779
Ortiztown, CO 61011",Y,hours
296,Christopher Vargas,200-15-0749,"91035 Rachel Roads Suite 589
Port Ryanhaven, ND 93985",N,hours
297,Scott Miller,353-15-7618,"PSC 4699, Box 4094
APO AA 85200",Y,hours
298,Kimberly Davidson,641-49-2637,"064 Cathy Knolls
Port Christopher, WY 81775",Y,hours
299,Angelica Gonzales,541-76-3420,"3458 Brown Inlet Apt. 523
West Matthewland, IA 97355",N,miles
300,Christy Pugh,186-61-6540,"69573 Wendy Glen
Martinezport, WY 87272",N,miles
301,Heidi Willis,167-94-5728,"369 Preston Common Apt. 260
Timothyside, NE 22743",N,hours
302,Karen Wise,138-71-8277,"557 Franco Via
Scottshire, CO 10396",N,hours
303,Pamela Frazier,768-58-1781,"996 Mclean Glens
Jasonmouth, MP 52487",N,hours
304,Charles Moore,843-77-6171,"02632 Gutierrez Summit
West Mark, ME 35187",N,miles
305,Kelsey Williams,503-22-8342,"287 Johnson Streets Apt. 405
East Sarahton, AZ 74242",Y,miles
306,James Baker,470-51-4920,"647 Davis Camp Apt. 635
New Elizabethshire, SC 39618",N,hours
307,Jessica Carrillo,554-51-1717,"756 William Street
Wilsonbury, SD 91177",N,miles
308,Joshua Cox,649-45-1181,"2128 Amber Squares Suite 525
West Amy, TN 75499",N,hours
309,Michael Martin,313-02-0505,"67483 Kerri Knoll
Sharpview, MI 56615",Y,hours
310,Scott Morris,808-92-2625,"Unit 5245 Box 4319
DPO AE 10658",Y,hours
311,Shane Coleman,854-47-8533,"2467 Carolyn Drive Apt. 062
East Ginaborough, CO 31609",Y,miles
312,Zachary Todd,473-95-6616,"40015 Brenda Bypass Suite 025
Lake Cynthia, DE 06847",N,hours
313,Marie Ford,320-80-7761,"80919 Chandler Union Suite 288
Taylorburgh, NV 81516",Y,hours
314,Sally Roberts,510-84-0847,"365 David Common Suite 019
East Sean, CT 16157",N,hours
315,Jeremy Cisneros MD,610-41-2495,"USCGC Clayton
FPO AE 94743",N,hours
316,Kayla Harris,722-63-5973,"59052 English Ville
Melendezfurt, HI 23393",Y,hours
317,Scott Miller,744-51-0417,"9319 Whitney Pines
New Jeffreyberg, NJ 34670",Y,hours
318,Alicia Barber,891-98-8250,"46330 Jason Extension Apt. 529
North Edwin, DC 41081",Y,miles
319,Dr. Emily Carter MD,729-66-0127,"5171 Heather Island
New Jessicaberg, KY 45305",N,miles
320,Bryan Roberts,681-39-7622,"Unit 2302 Box 8428
DPO AA 13157",Y,hours
321,Susan Castillo,697-26-4776,"Unit 7251 Box 2801
DPO AP 18816",Y,hours
322,Steven Solomon,155-26-9461,"98206 Miranda Pine
New Rodney, TN 40665",N,miles
323,David Kelley,833-39-1173,"75757 Scott Centers
West Davidshire, NJ 81301",Y,hours
324,Rebecca Bates,689-37-9208,"75095 Rodriguez Radial Suite 520
South Gregoryport, IL 96800",Y,miles
325,Kevin Smith,044-74-0458,"4928 Anna Path Apt. 215
Youngshire, TN 71911",N,miles
326,Jill Stewart,892-23-8176,"6813 Jonathan Underpass Suite 426
Jenkinston, SC 75422",N,miles
327,Ariel Jones,248-67-6743,"USNV Williams
FPO AP 85512",N,miles
328,Tammy Macdonald,282-24-6012,"5899 Boyd Haven Suite 629
Cooketown, HI 46383",Y,hours
329,Joshua Smith,191-99-5095,"928 Ray Spurs
South Cherylside, MA 81764",N,miles
330,Meredith Burke,729-65-7208,"00736 Garner Court
South Phillipstad, GU 46138",N,miles
331,Chris Martin,776-32-3902,"40477 Anna Bridge Suite 535
Sarahtown, AZ 35994",N,hours
332,Jacob Carr,225-41-2237,"6791 Smith Lights
New Adrianhaven, KY 46377",N,hours
333,Patricia Morales,724-88-7762,"16869 Miller Viaduct Suite 549
East Michaelmouth, UT 85828",N,hours
334,Dawn Medina,319-53-4223,"8252 Kim Spur Apt. 097
Port Ashley, HI 72093",Y,hours
335,Emily Thompson,690-91-6107,"8137 Pierce Inlet Suite 587
South Royfurt, MN 28800",Y,hours
336,Noah Roman,703-15-4758,"Unit 7863 Box 5329
DPO AP 20220",Y,hours
337,David Perez,102-94-5846,"7345 Drake Junction
Evanshaven, AL 18012",Y,miles
338,Melinda Moore,792-76-9024,"Unit 1757 Box 4594
DPO AP 91653",N,miles
339,Sergio Meza,302-05-5824,"7230 Hodge Mission
Joeltown, GU 42002",Y,miles
340,Alexis Brown,526-35-0862,"9462 Cardenas Rapid Suite 666
Lake Natashachester, CT 05556",N,hours
341,David Tanner,444-25-2061,"863 Hale Green
Morenoburgh, IN 33214",Y,miles
342,Kristin Young,726-44-4906,"540 George Lock
North Heather, CT 14166",N,miles
343,Walter Schultz,579-98-2507,"21548 Amanda Mount
South Helen, AL 92128",N,hours
344,Johnathan Williams,879-09-4040,"080 Karen Club
Lake Arthur, MT 06894",Y,miles
345,Susan Edwards,145-49-5542,"66898 Brennan Highway Suite 819
New Kayla, MN 81761",Y,hours
346,Carla Matthews,312-89-6155,"6420 Anna Forges Suite 521
Hernandezfort, PW 40721",N,miles
347,Cory Wallace,041-60-5291,"60856 Brittany Well
Johnsonhaven, IL 67739",Y,miles
348,Jennifer Greene,819-66-5604,"05615 Alan Walk
Joshuastad, NY 76340",N,miles
349,Amanda Davidson,869-16-3749,"102 Cristina Island
Lake Matthew, OR 45204",Y,hours
350,Alexis Wilkinson,636-15-6658,"3511 Williams Locks
New Kylefort, CT 01150",Y,hours
351,Brian Murray,618-01-9726,"96794 Donald Mountain
Ericstad, KS 54062",N,miles
352,Deanna Smith,489-44-9235,"Unit 2087 Box 7452
DPO AP 15806",N,hours
353,Bryan Ellis,617-08-9123,"8450 Simpson Mountains Suite 720
Lake Pamela, AZ 16686",N,miles
354,Rachel Harrison,875-47-2192,"4808 Larson Lake
Bellstad, MI 24651",N,miles
355,Tim Jones,804-11-6025,"USCGC Wilson
FPO AA 02986",Y,miles
356,Nathaniel Henson,116-15-5648,"960 Mora Trafficway
Ramirezside, ME 82992",N,hours
357,Kathryn Nash,296-13-5329,"46288 Frost Rest Suite 727
Port Jason, WI 63521",N,hours
358,Mike Santos,273-96-0900,"USNV Peters
FPO AA 00762",Y,miles
359,Stephanie Barr,786-77-9529,"52893 Laura Summit
New Kimberlyfort, MH 68068",Y,miles
360,Tammie Johnson,745-34-0953,"9352 Crawford Lock
Montoyatown, VA 93009",Y,miles
361,Michael Rosario,461-49-7776,"940 Lewis Center
Joneshaven, IN 99788",N,miles
362,Brandon Richardson,187-46-4728,"84090 Evans Tunnel Apt. 391
South John, VI 67222",Y,miles
363,Melissa Soto,478-40-8119,"62914 Jose Dale Apt. 821
Jonathanside, SD 39675",Y,hours
364,Vincent Brennan,215-60-2102,"36698 Carroll Squares Apt. 927
Port Aprilfurt, NM 08402",N,miles
365,Brianna Gross,334-51-1296,"31386 King Square Suite 729
Michaelfort, SC 53353",Y,hours
366,Elizabeth Gray,233-62-1803,"4422 James Trace Suite 928
West Patriciashire, WI 84038",N,miles
367,Scott Salinas,735-48-5142,"824 Denise Shoal Apt. 055
South Joshuaton, AK 79107",N,miles
368,David Anderson,851-02-4614,"4640 Mary Tunnel
Colinhaven, MH 33283",Y,miles
369,Nicole Allen DDS,411-60-2168,"925 Paul Road Apt. 887
Rodneyland, PA 96755",N,miles
370,Andrew Frey,096-60-5241,"23747 Allen Station
East Nicholashaven, NH 65096",Y,miles
371,Andrew Snow,302-72-5071,"181 Bryan Highway Apt. 994
Sherriborough, NJ 75835",Y,hours
372,Alexis Jimenez,468-26-9205,"062 Nelson Green Apt. 816
West Rebeccaville, DC 96897",N,miles
373,Evan Pena,643-96-1039,"55176 Mack Hills Apt. 236
North Luis, NM 89738",Y,hours
374,Gregory Allen,287-26-6835,"738 Fisher Route Suite 630
Elizabethshire, IN 87068",N,miles
375,Garrett Gomez,171-94-9244,"14314 Brown Ways Suite 470
Lake Ashley, AS 80421",N,hours
376,Victor Stokes,411-99-3976,"132 Thomas Vista
Matthewport, UT 07655",N,miles
377,Steve Johnson,567-15-2424,"0475 Williams Parkways
Smithview, MH 94904",Y,hours
378,Laura Serrano,308-17-8002,"823 Michael Prairie Suite 585
Thomasmouth, KS 79372",Y,hours
379,Robyn Horton,005-68-3305,"USCGC Meyers
FPO AE 03388",Y,miles
380,Vanessa Garcia,061-02-1383,"3708 Allen Rue Suite 931
Port Stephanie, ND 73500",N,hours
381,Christine Booth,647-35-2414,"93790 Maynard Mews
Dorisborough, PR 38788",N,hours
382,Michelle Ramos,781-71-0795,"28942 Mark Causeway Suite 148
North Charlesburgh, NC 41033",Y,miles
383,Austin Collier,099-18-0322,"1233 Cook Lodge
Lake Edwardstad, HI 77892",Y,hours
384,Richard Harvey,547-69-3356,"862 Nicholas Landing Apt. 018
New Lindachester, OK 30410",Y,miles
385,Brandon Mcconnell,725-08-6478,"712 Michael Ramp Suite 593
New James, TN 16291",Y,hours
386,Michael Torres,401-43-4209,"2790 Fields Villages
East Wendy, OK 50148",N,hours
387,Andrea Bell,628-88-0420,"4818 Pam Parks
Roberttown, OR 27218",Y,miles
388,Cameron Blair,665-19-8730,"34477 Margaret Run Apt. 518
New Rhondaland, OK 74479",Y,miles
389,Vanessa Jones,239-62-0108,"2618 Bobby Orchard
Lake Bradleyview, TX 56259",N,miles
390,Christopher Schultz,242-61-1646,"6665 Michael Mount
New John, OR 14909",N,miles
391,Joshua Hernandez,582-19-9753,"664 Billy Ranch
South Markland, RI 33433",N,miles
392,Michael Johnston,270-16-5309,"6525 Reese Roads Suite 619
East Stephenton, NJ 36382",Y,miles
393,Robert Espinoza,353-43-3661,"Unit 4013 Box 0317
DPO AA 53630",N,hours
394,Laura Martin,102-14-6099,"88575 Jennifer Freeway
Whitehaven, AS 32637",N,miles
395,Rachel Harris,609-79-8028,"24306 Jackson Groves
Jessicaport, MS 61832",N,miles
396,Elizabeth Black,012-86-6190,"906 Teresa Valleys Apt. 961
Tiffanyland, VA 51739",Y,hours
397,Douglas Campbell,739-31-1156,"21372 Krista Trail
New Rhonda, FM 19350",N,miles
398,Kathleen Washington,566-44-4762,"15326 Charles Squares
Kramerland, MI 11339",N,hours
399,Jose Payne,848-82-4122,"8077 Lauren Oval
North Scott, AS 65858",Y,hours
400,Billy Wright,480-23-7970,"Unit 5407 Box 8309
DPO AE 57021",N,miles
401,Eileen Becker MD,014-51-7437,"0764 Hoover Islands Apt. 858
West Biancafurt, NJ 80411",Y,miles
402,Shannon Smith,143-22-2346,"29862 David Ridges
Port James, SC 70427",N,miles
403,Trevor Smith,273-45-3467,"24998 Craig Burg
North Michael, NH 95283",N,miles
404,Joseph Barr,435-43-9676,"834 Bennett Centers
Smithtown, IA 55003",Y,miles
405,Keith Hahn,837-49-1640,"6003 West Meadow
Parkermouth, TX 02861",Y,miles
406,Ricky Stone,374-38-1531,"8581 Oneal Harbors
Parkerhaven, NM 77798",Y,miles
407,Alejandro Hahn,131-32-7122,"7445 Moore Wall Apt. 538
Wrightton, VI 75247",Y,miles
408,Joseph King,172-07-0442,"3872 Cannon Tunnel
South Samantha, UT 78591",N,miles
409,Deborah Clark,204-19-9060,"494 Perkins Camp Apt. 192
Brendamouth, MI 97378",Y,miles
410,Austin Barnes,631-44-1903,"50616 Daniel Well Suite 043
Griffinbury, KY 44608",Y,miles
411,Christopher Wallace,305-09-6196,"9782 George Path
Debrafurt, MH 57667",Y,hours
412,Carlos Strickland,740-58-1846,"0285 Mary Springs Suite 148
Elliston, ID 33993",Y,hours
413,Haley Murphy,003-61-6250,"19549 Miranda Island
North Matthewmouth, SD 25254",N,miles
414,Paul Carr,530-22-3783,"86469 Jason Plains Apt. 624
Morrisberg, VT 66261",N,miles
415,Tricia Davis,115-05-9227,"31689 Price Spurs
Victoriaborough, NE 34386",Y,hours
416,Beth Williams,327-87-8537,"95701 Paula Drive Suite 831
Kristenchester, MN 61266",N,miles
417,Sabrina Hall,754-27-5778,"USNV Hernandez
FPO AE 25976",N,hours
418,Christine Tate,550-03-6068,"USNV Santos
FPO AP 79929",Y,miles
419,Robert Lee,332-67-6357,"21312 Faulkner Terrace Apt. 676
Moorestad, IN 10998",N,miles
420,Emma Washington,101-93-0833,"90024 Amanda Shoals Suite 460
Port Shannon, DC 03831",Y,miles
421,Bailey Perez,642-01-7533,"79694 Guerrero Pine
East Joshuaborough, NH 61070",N,miles
422,Colleen Terrell,594-54-1483,"740 Mercer Haven Suite 588
Smithview, DE 26973",Y,hours
423,Jillian Barnes,228-51-2443,"3633 Lindsey Greens Suite 918
New Nathan, KS 28747",Y,miles
424,Todd Shaw,256-99-5943,"97072 Ryan Village Suite 230
Jamesstad, MH 57965",Y,miles
425,Nicole Hopkins,708-30-3373,"768 Weber Greens Apt. 531
Davidborough, ND 98286",Y,hours
426,Daniel Li,284-40-4328,"501 Harrison Overpass
Millertown, TX 36533",Y,miles
427,Gregory Johnson,765-63-0224,"5292 Reed Viaduct Apt. 091
Lake Matthew, KS 69777",N,miles
428,Carlos Williams,242-33-2986,"27252 Gregory Shores
New Sethbury, WA 60202",N,hours
429,Charles Wu,067-34-2961,"79289 Vasquez Village Suite 299
Port Cheryl, AL 55782",Y,miles
430,Julie Smith,083-13-1766,"754 Gray Junction
Lake Margaret, PR 69081",Y,miles
431,Joseph Holmes,674-23-0359,"55296 Thompson Common Apt. 576
Anthonychester, UT 43971",N,hours
432,Michael Compton,400-76-9083,"59864 Lydia Freeway
West Christopherburgh, AL 19460",N,miles
433,Larry Munoz,607-90-8274,"050 Wilson Shoals Apt. 727
Freemanchester, MN 91552",Y,hours
434,Jeffrey Mccarthy,615-29-9977,"1554 Craig Lane
Seanport, MP 70809",Y,hours
435,Roberto Mccarthy,787-09-1918,"6163 Jeremy Hills
Brianchester, FM 40336",N,hours
436,Laura Adams,879-56-6715,"513 Reyes Dam Suite 436
Fernandoport, ID 82039",Y,miles
437,Alison Miller,896-99-4528,"611 Kemp Junction
New John, WV 49816",Y,hours
438,Austin Pearson,243-21-9173,"6788 Regina Oval Suite 925
Port Edward, VA 42231",Y,miles
439,Gloria Dillon,310-47-9556,"7826 Mccormick Way Apt. 634
South Elizabethhaven, GA 56817",N,miles
440,Scott Smith,539-98-5859,"00291 Jeremiah Bypass
New Tiffanychester, MH 39898",Y,miles
441,Dominic Mills,301-52-5645,"49860 Jacob Avenue Apt. 922
Lake Brooke, AS 47552",Y,miles
442,Teresa Esparza,518-40-5165,"550 Compton Tunnel Suite 271
South Mauriceborough, MD 07390",N,miles
443,Margaret Olson,398-22-0599,"701 Steven Circle
North Emily, AK 92462",Y,hours
444,Monique Garcia,713-45-2956,"6373 Karen Center
New Nicoletown, PA 56193",Y,hours
445,Andrea Cole,695-12-0104,"71042 Catherine Highway
Chamberstown, OH 81735",Y,miles
446,Eric Horn,381-57-8547,"627 Daniel Islands
East Stephaniefort, NJ 57162",Y,miles
447,Daniel Martin,415-04-5445,"799 Madden Island Apt. 241
Lloydchester, RI 06530",Y,miles
448,April Duncan,316-51-0301,"3531 Katrina Rapids Apt. 781
North Williammouth, NH 92490",Y,miles
449,Ashley Patterson,191-84-1460,"268 Burton Parkways Apt. 863
New Lisashire, MI 91305",Y,hours
450,Dennis Wright,765-21-7186,"PSC 8063, Box 4704
APO AE 93975",Y,hours
451,Brandy Gray,228-70-5572,"73657 Anthony Views Suite 361
Aprilshire, LA 62343",Y,hours
452,William Hicks,750-84-6428,"2734 Parker Garden
Dawnberg, NJ 83595",N,miles
453,Katherine Hunter,055-08-4795,"06425 Stephens Trail Apt. 190
Duranhaven, IN 45472",N,miles
454,Wanda Poole,607-79-6694,"868 Brown Ways Apt. 627
Francisfurt, HI 76021",N,hours
455,Matthew Simpson,503-52-3497,"921 Miller Estates
Wyattfort, MH 74860",Y,hours
456,Billy Gray,532-16-3012,"47564 Jacobs Manors Apt. 046
South Blakeland, WI 78608",N,miles
457,Diana Ramsey,409-39-5838,"4665 Powell Hills
South Ryanburgh, GA 77937",N,miles
458,James Williams,468-63-9014,"8761 Patrick Inlet Suite 192
Sanchezfort, IN 50545",Y,miles
459,Michele Elliott,718-01-6716,"4091 Morales Branch
Vancetown, ME 83071",Y,miles
460,Nancy Williamson,851-71-1956,"7022 Norton Walk
East Tony, SC 18417",N,hours
461,Deborah Orozco,369-29-3383,"3695 Amanda Flats Apt. 634
Lake Michael, WI 95035",N,miles
462,Maria Fitzgerald,775-33-2871,"32970 Brent Terrace Suite 956
Lake John, KS 47321",Y,hours
463,Michael Rogers,632-30-5607,"183 Heath Loop Suite 307
Davisville, AK 98382",N,hours
464,Mitchell Martinez,759-02-9481,"66943 Jason Glens Suite 380
South Juliestad, AR 37173",N,hours
465,Mark Harris,182-79-2865,"44023 Randall Prairie
Lake George, UT 17484",N,miles
466,Amber Wong,724-35-5727,"408 Thomas Drive
North Lanceland, NV 16807",N,miles
467,Timothy Garcia,543-27-3846,"473 Ingram Divide
New David, NY 65997",N,hours
468,Renee Pitts,282-11-5232,"472 Gerald Forks
New Christophermouth, MH 02147",Y,hours
469,Stanley Hogan,212-39-2901,"638 Carly Courts
Brendamouth, AL 76027",Y,miles
470,Lindsey Bradley,420-22-8921,"34484 Sims Ramp Apt. 721
Martinport, GA 70975",Y,miles
471,Maxwell Richardson,333-49-3025,"2332 Daniel Pike Suite 724
Alanview, NV 63974",N,hours
472,Lisa Hoffman,028-50-1931,"786 Jordan Pine
Michaelborough, GU 30938",N,hours
473,Ricky Miller,246-43-7373,"6439 Rachel Camp Suite 188
Clarkport, CA 35083",Y,hours
474,Linda Chambers,033-56-7531,"159 Rachel Stravenue Apt. 807
Bridgesshire, SD 82784",Y,hours
475,Marie Taylor,732-83-1342,"55545 Hernandez Prairie
Brandiview, CT 63140",N,hours
476,Kevin Romero,222-78-3424,"98729 Travis Parkway Apt. 504
Bennetttown, MP 79507",Y,miles
477,Casey Harris,691-46-0136,"42972 Ronald Springs
Cameronbury, GA 56852",Y,hours
478,Jillian Ross,394-35-8880,"603 Jennifer Wall
Jasonmouth, ID 48439",Y,miles
479,Kristen Barnes,879-36-7042,"USNS Rios
FPO AE 30185",Y,miles
480,Jessica Barry,653-67-8121,"5876 Arnold Mountain Apt. 127
Michaelton, MI 75199",Y,miles
481,Mary Downs,372-89-7065,"USNS Walters
FPO AA 01409",N,miles
482,Louis Brock,065-52-1389,"9898 Carolyn Road Apt. 840
Francofort, PR 52253",N,hours
483,Kevin Williams,603-88-6984,"5072 Jackson Island Apt. 704
Port Daniel, KS 78772",Y,hours
484,David Stein,137-11-0467,"6234 Oliver Ports Apt. 689
East Tonyastad, MS 47988",N,hours
485,Vincent Hoffman,025-55-8775,"249 Smith Trail Suite 877
Thomasmouth, CT 21571",Y,miles
486,Valerie Wilson,899-67-7181,"22166 Robert Common Suite 332
Davidbury, AZ 80997",N,miles
487,Vanessa Crawford,592-86-9482,"83070 Ruiz Spurs
East Joshuafurt, AZ 94576",Y,miles
488,Shane Smith,620-85-6413,"Unit 5759 Box 8040
DPO AA 03328",Y,miles
489,Wendy White,050-63-9996,"507 Bonilla Manor Apt. 496
East Robert, IL 92361",N,miles
490,Rachel Davis,704-43-1519,"15375 Rogers Mountains Suite 517
Antonioville, AS 37591",N,hours
491,James Thornton,125-76-8398,"99029 Morgan Station Apt. 906
Alexton, PA 58577",N,hours
492,Timothy Robertson,276-19-1840,"950 Linda Underpass Apt. 649
East Jamesside, AK 82734",N,hours
493,Jennifer Crosby,134-41-7448,"3610 Byrd Roads
Port Becky, NC 02733",N,miles
494,James Davis,163-82-4624,"93701 Laura Rapids
Port Anthony, MO 93281",Y,miles
495,Jeremy Turner,874-58-6520,"76496 Rowland Path Suite 116
Grahamport, NJ 25118",N,miles
496,Thomas Pratt,827-61-4938,"Unit 7903 Box 0565
DPO AP 36618",N,hours
497,Laura Marquez,185-29-6667,"886 Oscar Prairie Suite 772
Barkerberg, WY 35444",N,hours
498,Sarah Johnson,677-82-0745,"031 Erickson Spurs Apt. 483
Christinaburgh, VT 89439",N,miles
499,Edward Fleming,529-47-1093,"999 Sean Ridges Suite 640
Costaberg, FL 03815",N,hours
500,Jacqueline Thomas,480-49-2944,"10063 James Tunnel Suite 739
Lake Rodneyshire, MT 69562",N,miles
501,Shawn Young,301-98-5440,"170 Brian Cape Suite 709
North Bryanview, VA 35073",Y,miles
502,Claire Hart,086-25-9054,"USS Adams
FPO AP 57439",N,hours
503,Michael Saunders,077-39-7092,"1475 Walton Gateway
Lake Joseph, WA 59155",N,hours
504,David Barnes,706-85-3272,"218 Scott Row
West Joseph, VA 87784",Y,hours
505,Miguel Wilkerson,190-44-4925,"947 Michael Park Suite 864
Reedshire, MS 84046",Y,miles
506,Michael Perez,167-70-0031,"Unit 2967 Box 4978
DPO AE 95912",N,hours
507,Katherine Williams,634-30-0709,"8098 Fritz Ridge Suite 729
Port Jonathan, CO 13624",N,miles
508,Howard Olson,865-19-4308,"644 Schneider Orchard
North Roberthaven, PA 77892",Y,hours
509,George Nelson,288-42-8739,"31721 Peterson Lodge
Nelsonstad, MA 05444",Y,miles
510,Dr. Stacie Davis,774-39-5353,"247 Gonzalez Lodge Suite 968
Johnsonton, SD 60401",Y,miles
511,Kathleen Edwards,776-80-9017,"636 Park Summit Suite 304
Sandramouth, MN 14042",Y,hours
512,Molly Jones,107-37-5551,"481 Donna Pike
West Zacharyton, MH 09059",N,hours
513,Richard Archer,350-64-6306,"991 Carter Rest Suite 881
Lake Carl, AK 35866",N,hours
514,Joshua Yates,045-90-8923,"281 Scott Well Apt. 830
Port Jeffreyfurt, WI 16788",N,miles
515,Katie White,395-95-3294,"102 Shari Park
Coxstad, NV 93554",Y,hours
516,Katelyn Carter,430-22-8178,"12465 Johnson Coves Suite 306
Jamesborough, GU 65082",N,hours
517,Kimberly Campbell,049-56-3274,"3381 Black Plaza Apt. 729
Josephland, ID 78940",Y,miles
518,Melissa Valencia,209-41-5425,"67388 Brittney Trace
South Ashleyshire, NC 98656",Y,hours
519,Diane Johns,233-28-7480,"6866 Caroline Trace
Crawfordmouth, VA 60424",Y,miles
520,Jennifer Hawkins,383-58-1506,"49665 Theodore Throughway
West Suzanne, KS 95856",N,hours
521,Brenda Woods,744-64-9959,"510 Krista Plaza
Millerland, AS 06345",Y,hours
522,Grant Ross,611-28-8677,"50793 Diane Turnpike Suite 499
East Eddie, OR 88677",Y,hours
523,Nicole Yu,757-82-6285,"999 Valdez Shoal
New Williamtown, GU 73057",N,miles
524,Sarah Chapman,465-72-8667,"34276 Porter Causeway
New Emilymouth, TX 97451",Y,miles
525,Kristina Meyer,437-15-1941,"510 John Islands Suite 087
Larryberg, ID 23142",Y,hours
526,Kimberly Johnson,151-72-2051,"547 Jesse Ramp
East Cynthia, KS 42161",N,hours
527,Mr. Benjamin Brown,084-53-2523,"32216 Lyons Crossing Suite 948
Michaelbury, IL 43901",N,miles
528,Tracy Garcia,235-82-6890,"4423 Rita Wells
Aguilarburgh, KS 06700",Y,miles
529,Chad Tucker,352-09-4948,"7448 Walsh Street
Lake Brittany, AS 35495",Y,hours
530,Barbara James,692-38-5621,"3038 Christopher Extensions Suite 069
Lake Danielville, NC 01833",Y,miles
531,Edwin Austin,899-94-5767,"Unit 0509 Box 4853
DPO AA 77961",Y,miles
532,Peter Huber,231-09-8877,"003 Harry Lakes
South Benjaminhaven, CO 93860",Y,hours
533,Alexandra Taylor,725-58-1145,"3838 Tommy Lodge Suite 258
Priceshire, NC 47946",N,miles
534,Jonathan Orr,572-77-3288,"PSC 8687, Box 1604
APO AP 34303",Y,miles
535,Stephen Barrett,017-64-0282,"4067 Chapman Ports
North Donald, IA 43064",N,hours
536,Charles Sims,480-17-3841,"658 Justin Ramp Apt. 605
North Brenda, CA 17185",Y,hours
537,Rhonda Parker,649-84-5996,"0765 Bruce Extension
Collierside, FL 98457",Y,hours
538,Eric Hunt,466-51-8809,"924 Amanda Lodge Suite 373
East Alexandria, GU 94387",N,hours
539,Lisa Jacobs,794-50-7627,"PSC 2044, Box 2479
APO AA 03874",N,hours
540,Michelle Peterson,592-27-4207,"554 Hatfield Trace
North Connorville, DE 94928",Y,miles
541,Sheila Phillips,030-11-2257,"PSC 2274, Box 5617
APO AE 46976",N,miles
542,Jeremy Williams,156-71-2911,"5778 Dustin Flat
South Andrewstad, NC 68681",N,hours
543,Amanda Johnson,815-15-3397,"78368 Phillips Union
Michaelberg, KS 79139",N,hours
544,Kristina Dunlap,082-12-8109,"06600 Hudson Gardens
Aliciahaven, NH 09680",N,miles
545,Kyle Montoya,308-21-9364,"944 Ashley Center
Haleytown, AS 15906",Y,miles
546,Carl Harrison,650-26-0428,"PSC 2502, Box 2812
APO AA 25881",N,miles
547,Adam Andersen,105-97-5097,"2573 Goodwin Trafficway Apt. 290
Brookstown, SD 27184",N,hours
548,William Hayes,358-50-0924,"170 Chan Port Apt. 284
Penaberg, LA 65497",Y,miles
549,Brian Mitchell,641-30-3348,"0891 Emily Mission
Lake Denise, IN 76770",N,hours
550,Robert Harris,783-87-7973,"291 Kelsey Gardens Apt. 295
Mariahstad, AZ 41237",N,miles
551,Mr. Jonathon Nguyen,855-12-4778,"162 Sheppard Throughway
Kirkland, PR 60716",N,miles
552,Hannah Reynolds,684-58-4161,"925 Gomez Pines Apt. 400
West Loritown, NY 41542",Y,hours
553,William Mathis,278-78-3951,"6217 Mckay Squares Suite 691
South Ryan, NC 51039",Y,hours
554,Kelly House,303-79-7513,"7708 Ryan Shores Suite 202
Port Philipport, SD 74840",N,miles
555,Benjamin Parker,344-73-5056,"2283 Kelly Lakes
Lake Latoya, VI 81940",Y,hours
556,David Hood,391-95-0597,"USNV Carey
FPO AA 06959",Y,miles
557,Dawn Warren,518-80-2752,"USS Jones
FPO AP 26184",Y,miles
558,Robert Crawford,495-56-0715,"87342 Richard Crossroad Suite 588
Port Karen, FM 56651",Y,hours
559,Jeffrey Yates,879-40-1115,"2220 Jennifer Stream
Lake Caitlinfort, IA 86287",N,miles
560,Kevin Gross,441-61-1552,"PSC 5369, Box 2526
APO AE 24403",N,hours
561,David Good,816-86-7669,"6658 Jeffrey Circle
East Christophermouth, GA 99895",Y,hours
562,Shirley Webster,375-68-2350,"59307 Jessica Gateway
East Melinda, NY 38708",N,hours
563,Rachael Haynes,244-05-1726,"70026 Joseph Extensions Suite 619
Markhaven, AS 47171",Y,miles
564,Tammy Ellison,833-94-1444,"76516 Daniel Turnpike
Allenport, KS 08964",N,hours
565,Philip Park,124-03-7089,"03729 Fisher Cove Suite 579
Charlesfort, ND 66586",N,miles
566,Melissa Olson,517-94-4528,"015 Karen Plains Suite 829
Ryanton, AZ 88428",Y,miles
567,Melinda Orr,101-12-1489,"5999 Scott Garden Suite 111
Thomasland, UT 94371",N,miles
568,Matthew Hunter,134-27-6797,"623 Thompson Valley Suite 016
South Heathermouth, DC 67244",Y,miles
569,Maurice Smith,070-28-1930,"04918 Taylor Highway Apt. 084
Shawmouth, ID 77994",N,miles
570,Jason Acosta,274-66-4010,"626 Ramirez Pine Suite 438
North Brenda, NJ 47224",N,hours
571,Justin Scott,336-67-1887,"Unit 3559 Box 9918
DPO AA 14856",Y,miles
572,Michael Mann,884-76-3985,"Unit 4259 Box 4716
DPO AA 44890",Y,miles
573,Johnathan Taylor,332-58-7071,"57614 Perez Stream
East Jasonside, DC 56469",N,miles
574,Tom Garcia,507-50-2561,"8895 Ross Camp
New Joshua, MN 50341",Y,hours
575,Julian Stephens,271-66-3327,"228 Cisneros Forges Suite 080
Markburgh, WY 32181",Y,miles
576,Michael Harris,058-52-6459,"5152 Ashley Run Apt. 000
New Rose, NE 07005",Y,hours
577,Samantha Osborne,884-51-1552,"0458 Julia Summit Suite 627
North Loristad, FM 01907",Y,miles
578,Steven Farmer,383-31-7243,"0609 Martin Knolls
Elizabethchester, VI 73117",Y,miles
579,Andrew Martin,742-23-5217,"361 Deanna Mall
Scottmouth, VI 73276",N,hours
580,Crystal Green,067-74-6407,"PSC 1519, Box 7508
APO AP 37624",Y,miles
581,Melissa Smith,718-20-8935,"6068 Frost Fields
Emilybury, IA 94609",Y,hours
582,Marie Shannon,226-30-5627,"277 Alexandra Estates
South Jesseville, MA 10147",Y,hours
583,Deborah Wright,325-96-6531,"005 Munoz Extensions
Lake Darrenton, ND 04993",N,miles
584,Natalie Dixon,492-34-8801,"944 Nancy Ville
South Richard, PR 64982",N,miles
585,Monica Brown,421-78-0380,"73664 Brown Parkway Suite 897
North Markshire, NE 89202",N,miles
586,Martin Goodman,458-65-6560,"496 Maria Avenue Suite 702
Bauerburgh, MP 60094",N,hours
587,Denise Parks,290-04-3563,"6223 Wade Forks
Lake Robertburgh, CA 45107",Y,miles
588,Christian Hernandez,723-86-1831,"852 Patel Drives
Hughesmouth, OK 53636",N,hours
589,Brandon Rice,611-45-7859,"7598 Steven Turnpike Suite 581
East Sarah, DC 89477",N,miles
590,Douglas Diaz,459-32-1219,"77842 Ibarra Heights Apt. 073
Juliashire, ME 50863",Y,hours
591,Kevin Velasquez,319-79-3128,"3416 Strong Falls
Scottland, CA 73253",N,hours
592,Tyler Diaz,162-32-0833,"090 Julie Mission Suite 224
Riverstown, KY 35973",N,hours
593,Walter Doyle MD,869-68-0676,"3705 Tracy Port Apt. 897
Richardchester, KS 62036",Y,hours
594,Todd Gonzalez,614-99-8819,"0070 Patricia Camp Suite 690
New Ashley, TX 77619",N,hours
595,Dr. Brian Daniels,406-73-4777,"4973 Williams Street Apt. 712
Woodland, HI 58668",Y,hours
596,Cynthia Espinoza,674-95-6457,"2087 Angela Dale
South Joseph, FL 46380",Y,hours
597,Angela Henderson,082-21-0305,"USNS Evans
FPO AA 26911",N,miles
598,Danny Mcdaniel,791-68-5956,"76411 Dean Passage Apt. 338
East Cynthia, NY 36440",N,hours
599,Isaac George,731-80-9269,"056 Green Lodge Suite 206
Schaeferstad, NJ 94410",N,hours
600,Andrew Taylor,058-96-4382,"01551 Moon Haven Apt. 308
Port Shannonville, VI 54676",Y,hours
601,Teresa Watson,120-20-5380,"373 Michael Plaza Suite 449
Mcdonaldstad, SD 07557",N,miles
602,Robert Long,582-37-9410,"73203 Larsen Meadow Suite 971
North Jeffrey, PR 86220",Y,hours
603,Anthony Khan,567-22-7904,"USCGC Yang
FPO AP 01530",N,hours
604,Hayley Ross,028-77-9587,"700 Scott Prairie
South Rhonda, RI 28104",N,miles
605,Melissa Smith,462-58-2199,"7310 Leslie Square Suite 981
Jonathanbury, PR 17226",N,miles
606,Shelby Ewing,674-58-6126,"371 Michelle Mountain Apt. 099
Davidmouth, CO 06914",N,hours
607,Jeffrey Good,218-27-0085,"82040 Weaver Point Apt. 687
New Michael, ID 08438",N,miles
608,Melissa Brady,023-94-7698,"054 Berry Roads Apt. 659
Pennytown, CA 32424",Y,miles
609,Kimberly Hill,621-66-8602,"647 Caleb Extensions
North Kelly, WV 62045",N,miles
610,Stephen Nichols,264-23-9246,"335 Matthew Parkway
Courtneybury, MT 06332",Y,miles
611,Nicole Jacobs,264-90-0589,"026 Alvarado Spring
East Christopherchester, FM 19110",Y,miles
612,Krystal Jensen,829-02-2916,"049 Montes Bypass Apt. 128
New Cherylville, AS 54035",Y,miles
613,Barbara Harris,488-86-0595,"49881 Davis Corners Apt. 614
South Michealtown, AK 75846",Y,miles
614,Peter Chapman,409-83-6477,"71761 John Summit Suite 310
Lake Denise, FM 64100",N,hours
615,Brittany Fleming,487-12-6556,"53349 Pitts Forks Suite 876
Bennettfort, CA 05525",Y,miles
616,Margaret Brown,538-96-1505,"636 Elizabeth Causeway
New Tarahaven, MO 40626",N,miles
617,Kelly Harris,121-21-5709,"37673 Gonzalez Village
Port Hannah, OR 44358",N,miles
618,Robin Boyd,322-08-6423,"008 Jacobs Port Apt. 654
New Sharon, AL 95804",Y,miles
619,Jennifer Moss,649-80-9232,"1792 William Island
Loganburgh, PR 99587",N,miles
620,Michael Serrano,646-58-9877,"32103 Robert Mall Apt. 327
West Kellytown, IN 94724",Y,hours
621,Katelyn Brown,850-52-0996,"2823 Julian Loaf Apt. 599
New Amy, NV 87090",Y,miles
622,Matthew Campbell,494-37-9506,"USNS Ellis
FPO AP 18145",N,hours
623,David Johnson,656-76-7801,"678 Franklin Pass Suite 413
Nicoleville, OK 77164",Y,hours
624,Teresa Warren,715-86-1055,"3572 Strickland Tunnel Apt. 170
West Sandra, NC 18041",N,hours
625,Kimberly Wade,276-48-8649,"2077 Horn Terrace Apt. 141
East Jason, ND 37329",Y,hours
626,Marcus Newman,464-84-0528,"386 Diaz Manors
Port Elizabeth, MD 06316",N,miles
627,Kevin Murray,862-30-9003,"USCGC Ross
FPO AA 13526",N,miles
628,Monica Cox,516-15-3813,"9035 Clark Stravenue Apt. 636
Timothystad, NM 51916",N,miles
629,Grace Osborne,686-42-5666,"04721 Russell Vista Apt. 217
Mclaughlinmouth, MS 41453",Y,hours
630,Michael Smith,275-02-5315,"80398 James Stream Apt. 446
Rachaelside, DC 51722",Y,hours
631,Randall Johnson,157-57-5159,"PSC 8481, Box 4143
APO AP 03608",N,miles
632,Julie Grant,674-39-7121,"9110 Williams Harbors
Garzaport, MP 15303",Y,miles
633,David Goodwin Jr.,518-14-9974,"65888 Tammy Parks
Donaldville, MA 13757",N,hours
634,Joseph Parsons,133-51-9046,"3366 Robert Island Suite 359
Juliebury, AS 88196",N,hours
635,Tyler Wade,281-36-4905,"8156 Margaret Motorway Apt. 347
North Teresaport, OR 68618",Y,hours
636,Victoria Howell,040-84-3815,"713 Donna Key Suite 386
Jessicaborough, PR 88010",Y,miles
637,Randall Preston,249-81-0987,"269 Brown View
Frenchside, AR 26879",N,hours
638,Christopher Gross,679-04-6538,"64062 Michael Center
Kevinfort, UT 30727",N,miles
639,Mark Schultz,508-06-6224,"32556 Derek Ranch
Grayport, AS 39156",N,miles
640,Amanda Hensley,843-14-2520,"44064 Valerie Villages Apt. 844
West Edwardfurt, DE 01162",N,miles
641,Nichole Robles,743-86-5294,"4968 Brandy Knolls
Jodihaven, VA 89839",Y,miles
642,Cassandra Jones,809-17-9576,"3626 Michael Island
Kathleenchester, ME 64809",Y,miles
643,Andres Cox,478-45-1982,"718 Baker Hill Suite 746
Port Brendafort, SD 80115",Y,miles
644,Robert Tate,312-91-8786,"01164 Tracey Centers Suite 698
Lake Derrickburgh, FL 01404",Y,hours
645,Sarah Rice,705-44-0628,"469 Michelle Trail
East Loganville, OH 28597",N,miles
646,Christopher Henry,867-27-1387,"3241 Laura Bypass Apt. 063
Lake William, SC 76740",N,hours
647,Anthony Thompson,453-31-6853,"283 Jefferson Lodge Suite 000
Chelseaberg, VA 77130",N,hours
648,Darryl Stewart,895-85-4101,"79299 Randall Hills
Lake John, MA 26922",Y,hours
649,Sarah Sanchez,885-18-8264,"14266 Peter Port Apt. 068
Stephenbury, WY 64188",Y,hours
650,Henry Wood,156-82-3463,"9392 Martinez Prairie
Rodriguezland, CA 03270",N,miles
651,Adam Perry,214-79-1101,"PSC 7755, Box 4531
APO AA 03565",N,miles
652,Rhonda Estrada,591-76-2378,"7204 Reid Ports
Port Michaelshire, NH 80409",Y,hours
653,Renee Ware,183-41-4150,"13043 Frederick Points Apt. 154
Tateberg, ID 76139",N,miles
654,Jessica Lewis,766-47-5104,"6277 Ronald Hills
Edwardhaven, AR 27906",Y,hours
655,Christian Avery,370-19-2455,"707 Samantha Ridges
West Noahstad, WI 05675",N,miles
656,Amanda Turner,711-58-5298,"4610 Kaitlyn Club
North Amy, MP 31065",Y,miles
657,Rita Wagner,715-95-2838,"907 Tyler Expressway Suite 340
Jonesberg, MN 59960",Y,miles
658,Charles Anthony,569-65-1847,"67709 Garner Falls
Nancybury, MT 83144",Y,hours
659,Ivan Berg,253-16-1047,"93387 Stanley Drives
Thomasfort, ME 23505",Y,miles
660,Ann Hartman,265-14-3510,"239 Garcia Flats
New Kristinfurt, WV 36640",Y,hours
661,Christina Mcdonald,200-49-3611,"6869 Alexander Junctions
Port Daniel, ME 60918",Y,miles
662,Michelle Watson,634-76-9942,"646 Keith Trail
New Catherine, LA 84398",N,hours
663,Morgan Rice,792-78-3003,"Unit 3478 Box 5973
DPO AE 02162",Y,miles
664,Rebecca Walker,127-35-2573,"0244 Guzman Creek Suite 577
Port Evelyn, NV 70074",N,hours
665,Brandon Garcia,291-50-1233,"2057 Denise Cove
North Brett, FL 86673",N,hours
666,Christie Campbell,590-24-7915,"355 Smith Oval
West Breannafort, KS 99156",Y,hours
667,Jennifer Middleton,869-65-3029,"94198 Wood River
Patelbury, VA 01525",N,hours
668,David Howard,466-96-1029,"3814 Wendy Loop Apt. 068
South Elizabethfort, WY 47851",N,miles
669,Erin Fischer,153-52-2166,"2054 Mary Fort Suite 207
North Whitney, FM 66260",N,miles
670,Ryan Avery,597-12-2956,"38168 Theresa Lights Apt. 703
West Williamview, OH 55324",Y,miles
671,Darius Chan,868-90-2090,"Unit 2710 Box 3242
DPO AE 78603",N,hours
672,Ronald Jackson,071-08-1314,"77656 Kevin Corners
Matthewborough, KS 64236",Y,hours
673,Tammy Jenkins,296-16-1066,"1207 Johnson Shores Apt. 414
Ashleyside, KY 61039",N,miles
674,Heather Garcia,530-76-7250,"137 Bryan Ports Suite 900
New Calebview, MO 38193",N,miles
675,Tiffany Cook,335-27-6013,"25793 Jessica Plaza Apt. 063
Mckeeburgh, TX 34516",N,hours
676,Paul Jones,306-34-5557,"071 Thomas Plain Apt. 481
Debrashire, SC 85414",N,hours
677,Stacey Gonzalez,652-43-4914,"74411 Rachel Cliffs
Crystalville, WV 46513",N,hours
678,Alan Turner MD,815-25-5324,"4835 Christopher Ford Apt. 230
West Jamesport, MH 14606",Y,miles
679,Kirsten Yang,505-61-4980,"7839 John Land Apt. 605
Elizabethchester, NM 86738",Y,hours
680,Kevin Morris,357-65-8373,"PSC 5202, Box 9235
APO AA 60594",N,hours
681,Tracy Bryant,172-23-6727,"53829 Latoya Wells Suite 338
New Krystal, ID 93635",Y,miles
682,Edward Smith,875-67-9424,"0278 Dawn Shoal Apt. 240
Hortonland, MN 83021",Y,miles
683,Lucas Merritt,212-59-5799,"0493 Chelsea Mountain
Kevinville, FL 75270",Y,hours
684,Jeffery Tucker,285-14-0842,"104 Campos Oval Apt. 041
New Garytown, AL 53387",Y,miles
685,Cathy Simpson,822-57-2234,"488 Shannon Flat Suite 615
South Cynthiachester, SD 53740",N,hours
686,Jennifer Hunt,646-60-9724,"1721 Trevino Landing Apt. 629
Port Alexamouth, FL 01825",Y,miles
687,Austin King,671-48-8640,"823 Blevins Forge
New Shirley, ME 74137",N,hours
688,Mrs. Colleen Morgan,595-89-9358,"751 Jones Island
Ortizburgh, WV 36403",N,hours
689,James Kelly,853-75-8487,"16753 Sharp Manor
Stewartland, PW 64435",N,miles
690,Bradley Thomas,002-50-8536,"91318 Nicole Rue
East Micheleport, VA 69688",Y,miles
691,Jacob Richards,266-52-3230,"1957 Joseph Pike
Colleenstad, KY 87270",N,hours
692,Jimmy Gutierrez,200-23-4208,"6546 Lindsey Rue Suite 463
Davidstad, NV 43231",N,miles
693,Rodney Lee,424-03-4547,"53509 Cynthia Mission Suite 856
Port Stevenhaven, ID 25540",N,hours
694,Kathleen Burns,843-36-8886,"PSC 1900, Box 0531
APO AE 95506",N,miles
695,Hannah Burns,227-27-3116,"96080 Monica Union
Jensenside, KS 96896",Y,hours
696,Emily Smith,493-04-8208,"454 Michael Ports
Kevinton, LA 28954",N,hours
697,Danielle Cisneros,377-63-3715,"72055 Huerta Brooks Apt. 313
New Joseph, AZ 65829",Y,miles
698,Michael Esparza,560-17-9777,"9716 Owens Expressway Apt. 201
East Phillip, KY 57010",N,hours
699,Aaron Williams,142-19-2682,"331 Christopher Road
West Lynn, DC 36528",Y,hours
700,Charles Gilbert,016-15-8955,"6184 Taylor Lake Apt. 322
South Vanessa, NC 87521",Y,hours
701,Eric Davis,774-97-1350,"809 Danny Plaza Apt. 967
Johnton, GU 56969",N,hours
702,Ashley James,027-78-8694,"5898 Madison Falls
South Karenchester, FM 16103",Y,hours
703,Frank Rice,627-84-2399,"Unit 7954 Box 0277
DPO AA 46143",Y,miles
704,Gabriella Fleming,866-65-5135,"PSC 0941, Box 7041
APO AP 25629",N,miles
705,Evelyn Proctor,625-11-1857,"1416 Jacob Glen Apt. 403
South Sarah, ID 45766",Y,hours
706,William Burch,233-11-1704,"5926 Jones Trace Suite 571
Lake Alyssa, MT 66573",Y,hours
707,Krista Mcdaniel,432-57-3483,"2723 Jones Islands
Jenniferhaven, MN 09235",N,miles
708,Laura Jimenez,828-57-3282,"863 Melissa Mission
Lloydchester, PA 32724",N,hours
709,Michelle George,686-57-8826,"78000 Cody Unions Apt. 215
West Zachary, AZ 44505",Y,miles
710,Danielle Reese,731-58-9838,"6815 Wheeler Ramp
West Aaronstad, CA 46493",N,miles
711,Anthony Alvarado,857-86-8713,"5447 Robin Crossroad
Sullivanside, ID 16851",N,hours
712,Christian Andrade,394-95-6484,"62526 William Stravenue Suite 847
Maryport, TN 54787",Y,hours
713,Brandon Kelly,236-91-1888,"1048 Jason Forks Suite 854
Hamiltonstad, NH 42879",Y,miles
714,Charlotte Pratt,837-24-2144,"310 Michael Shores Suite 375
East Juan, MN 40896",Y,hours
715,Heather Flores,794-45-8725,"782 Andrew Summit Apt. 317
Lake Scottborough, TN 97420",Y,miles
716,George Pena,187-05-8785,"7154 Megan Alley Apt. 681
Lake Morgan, IN 17085",N,hours
717,Erin Frank,386-22-0220,"79857 Martinez Wall
South Patrick, AK 83847",Y,miles
718,Dana Williams,178-66-5049,"22060 Smith Groves
West Rebecca, AK 84532",Y,miles
719,Vicki Cross,213-83-6182,"016 Dwayne Drive Suite 320
New Thomasborough, MI 02168",Y,miles
720,Robert Cobb,188-54-5670,"363 Hernandez Spring
Campbellhaven, PW 87503",N,hours
721,Keith Morgan,080-08-0502,"58336 Kevin Ranch Apt. 442
Harveyport, VI 63747",N,miles
722,George Larson Jr.,635-98-3633,"PSC 3406, Box 0026
APO AP 97511",Y,miles
723,Robert Clark,697-61-2253,"92877 White Mills Suite 902
Paulland, NJ 22870",Y,miles
724,David Parks,682-40-6084,"3112 John Trail Apt. 404
Cervantesburgh, MS 18080",N,miles
725,Zachary Berg,424-95-7324,"010 Farrell Plains
South Travisburgh, IL 60482",N,hours
726,Samantha Gregory PhD,362-43-1706,"684 Teresa Lights
Emilyville, OH 33430",Y,hours
727,Jessica Zimmerman,054-30-0530,"PSC 8723, Box 5512
APO AE 03712",N,miles
728,Michael Leblanc,183-99-5423,"PSC 8059, Box 1084
APO AA 78743",N,hours
729,Joseph Mullins,500-39-9284,"488 Gould Village
Johnsonstad, GU 94390",N,hours
730,Lynn Parks,614-83-0626,"467 Hamilton Land
Blairshire, MD 30815",Y,hours
731,Michael Reynolds,078-44-6338,"79083 Hall Meadow Suite 804
Thomasmouth, VI 14697",Y,miles
732,Kyle Chambers,758-34-9718,"2816 Thompson Skyway Suite 807
West Michael, OK 91026",Y,miles
733,Rick Kline,690-44-9321,"1247 Sullivan Fields Suite 484
Lake Jimmyview, TN 92808",N,miles
734,Gregory Rodriguez,147-77-2792,"4516 Kennedy Branch
Lake Melissa, NY 27322",N,hours
735,Robert Sanders,593-08-4818,"331 Meza Crossing
Port Briana, FL 43367",Y,hours
736,Anna Howard,593-57-3454,"00937 Davis Islands
Morrisview, OR 28749",N,miles
737,Richard Tran,602-48-2574,"153 Burgess Rest
South Allisonhaven, MI 35819",N,miles
738,Melanie Morris,839-34-0434,"1249 Jacqueline Courts Apt. 485
Justintown, DC 69274",Y,hours
739,Jennifer Ferguson,846-48-7093,"USNV Rose
FPO AE 31896",N,hours
740,Maria Craig,630-10-9183,"9588 Sharon Station Apt. 824
South Denise, RI 21778",N,hours
741,Edward Hunt,292-52-5887,"5340 Grace Meadows Suite 670
Morrisland, CO 14278",Y,hours
742,Robert Gibbs,203-62-2944,"72381 Richard Court Suite 267
West Gloria, MT 22089",N,hours
743,Ashley Jones,159-03-3266,"41014 John Run Apt. 927
Sanfordmouth, VT 56234",N,hours
744,Mrs. Nichole Franklin MD,232-88-9071,"9734 Poole Circles Apt. 883
Reynoldsfurt, UT 10144",Y,hours
745,Joseph Williams,729-11-4142,"226 Jared Alley Apt. 292
North Jeffrey, ND 24071",N,miles
746,Heather Mills,577-08-4182,"6125 Morales Place
Port Michele, WV 66277",Y,hours
747,Daniel Rivera,135-07-3633,"33882 Harper Camp
East William, ME 90934",N,hours
748,Benjamin Brown,378-13-0353,"0723 Melvin Stream
Alexhaven, FM 27238",Y,miles
749,Kathleen Warner,453-44-8939,"02617 Christopher Motorway
Hollandview, AS 48450",Y,miles
750,Michael Kim,113-31-4722,"4618 Gonzalez Walk Apt. 959
North Annaton, VI 42945",Y,miles
751,Mary Gutierrez,601-51-9778,"99797 Patrick Crossroad Apt. 055
South Joseph, PA 26914",N,hours
752,Brittney Morris,511-04-0419,"4781 Perkins Points Apt. 704
Port Shaun, IA 40587",N,hours
753,Amy Wade,022-14-2719,"8424 Sarah Street Suite 086
New Jamesstad, OK 30759",N,miles
754,William Gilbert,066-26-4157,"23032 Chambers Dam Suite 367
Kathleenmouth, ME 47770",Y,miles
755,Joseph Baker,603-44-6678,"16217 Jennifer Estate
Mooreview, NE 37228",N,miles
756,Crystal Garcia,608-90-5445,"293 Tommy Highway Apt. 625
East David, SC 17469",Y,miles
757,Brad James,643-60-4793,"84748 Welch Drive
Hopkinsstad, VA 21295",N,hours
758,Stephanie Jones,599-33-3906,"66811 Javier Mountain Suite 492
Sarahland, ME 62295",N,miles
759,Michael Fisher,574-11-1061,"1087 Tyler Plaza Apt. 957
North Christopherside, CA 40559",Y,miles
760,Sheri Gallagher,065-75-7395,"20959 Jones Station Apt. 723
Yorkton, NC 27754",Y,miles
761,Melissa Brown,737-39-1291,"USNV Carpenter
FPO AA 45246",N,miles
762,Katelyn Williams,289-23-6326,"931 King Glens Suite 273
Lake Jeffrey, TX 10584",Y,hours
763,Jason Harding,250-12-4116,"0872 Brown Canyon Apt. 807
Howardport, MT 88966",N,miles
764,Elizabeth King,358-86-9757,"6200 Gutierrez Oval Apt. 619
Lake Julie, AZ 14362",Y,hours
765,Thomas Greene,007-21-1397,"3163 Maria Island
Lake Donna, NM 81630",N,hours
766,Chris Logan,219-47-3964,"39360 Padilla Coves
Wintersbury, IN 81215",N,hours
767,Danielle Padilla,872-05-4676,"705 Barbara Parkway Apt. 150
Markfurt, NH 11485",N,miles
768,Kristina Smith,197-76-1686,"840 Angela Underpass Suite 731
Port Elizabeth, TX 64783",Y,miles
769,Philip Hill,863-59-6019,"Unit 2627 Box 2666
DPO AA 44278",Y,hours
770,Jessica Duffy,516-80-4397,"93519 Donald Trafficway
Zacharyburgh, AS 05053",Y,hours
771,Penny Bonilla,760-34-9786,"575 Petty Well
Robinsontown, IA 09043",N,miles
772,Kayla King,880-63-2972,"5219 Gloria Dam
West Kevinshire, NJ 68209",Y,miles
773,Alan Huff,109-33-4767,"86266 Glenn Green
Karenfort, MI 76047",N,miles
774,Daniel Snyder,055-03-4291,"049 Brian Course Suite 806
Wrightmouth, KS 78617",N,miles
775,Jonathan Huffman,184-90-1188,"169 Laura Street
East Zacharyberg, HI 28058",Y,miles
776,Elizabeth Riley,063-29-0187,"02414 Sanchez Cape Apt. 356
North Daniel, MP 44829",Y,miles
777,Derek Mueller,838-70-4066,"4366 Schroeder Street
Maureenbury, VT 32964",N,hours
778,Angela Berg,519-14-0248,"044 Harvey Trafficway
Swansonstad, CO 76465",Y,hours
779,Peter Green,719-22-4230,"15812 Ayala Islands Suite 803
Michaelville, ND 69636",Y,hours
780,Heather Anderson,854-92-0830,"6065 Ruiz Station
Johnsonport, MT 68987",Y,hours
781,Mark Payne,142-07-0752,"216 Matthew Roads
East Lisafort, KY 91674",Y,hours
782,Donna Hanson,624-26-8373,"13536 Joshua Shoals Suite 090
New Nicholasmouth, TN 15826",N,hours
783,Jonathan Harvey,756-72-8394,"4352 West Path
Mcculloughshire, WA 84357",N,hours
784,Andrew Johnson,790-08-3248,"06701 Andrew Flats Suite 444
Lake Ethan, IN 30350",Y,miles
785,Sarah Randall,546-01-3882,"804 Mason Mount Apt. 110
North Barrymouth, GU 58560",Y,miles
786,Wesley Black,324-15-3539,"394 Alison Roads
Hernandezland, NV 82737",Y,hours
787,Chad Deleon,642-15-9579,"12881 Brown Inlet Apt. 146
Port Austin, VT 42344",Y,hours
788,Hannah Bauer,141-69-4645,"2781 Robert Green
West Juanburgh, CA 21565",Y,hours
789,Adam Cain,730-38-5220,"087 Thomas Gardens
South Jennifer, NJ 19764",N,hours
790,Victoria Crawford,748-29-2377,"8168 Kenneth Coves
Port Ethan, FM 56162",N,hours
791,Paula Barrett,356-69-6822,"35853 Martinez Freeway Suite 918
South Christopherchester, NH 77474",Y,hours
792,Meagan Mccarthy,602-38-2523,"35135 Mercedes Harbor
Port Melvinbury, SD 23261",Y,miles
793,Christina Tyler,372-78-6768,"3330 Jonathan Rapid Apt. 034
West Sean, NE 24844",Y,miles
794,Ronald Olsen,606-82-0359,"6895 Amber Meadow
New Johnmouth, DC 12177",N,hours
795,Blake Harris,220-90-7105,"1217 Kirk Squares Suite 342
West Philipborough, AL 06114",N,hours
796,Evelyn Morales,485-82-1624,"USS Savage
FPO AE 67192",Y,miles
797,Lisa Davis,481-27-6500,"4973 Heather Haven
Lake Scottview, PR 42169",Y,hours
798,Sabrina Esparza,259-18-8558,"5749 Jessica Drive Apt. 961
East Troy, WY 83171",Y,miles
799,Colin Swanson,818-80-0339,"260 Diana Lights Apt. 914
North Frederick, MD 53404",N,miles
800,Danielle Davis,060-24-6109,"7620 Oconnell Pines Suite 730
Erikfurt, WV 56629",N,miles
801,Justin Mendez,377-44-5824,"532 Susan Common Apt. 916
East Taylorside, AZ 48544",N,miles
802,Jeremy Robinson,005-40-6547,"USCGC Garcia
FPO AP 22645",Y,miles
803,Jeffrey Trevino,134-04-8664,"744 John Loaf Suite 275
Hallview, WV 76645",N,hours
804,Philip Brown,415-52-6625,"34470 Adam Rapids
Davisborough, AS 77348",Y,miles
805,Samantha Smith,861-12-4260,"4469 Dougherty Glen Apt. 288
Donnabury, MD 44376",N,miles
806,Karla Mclaughlin,101-77-7914,"9268 Joseph Prairie Apt. 831
Thomasborough, ND 43277",Y,miles
807,Andrew Griffin,397-05-9200,"32414 Faith Shoals
Hamiltonport, WI 29865",N,hours
808,Alan Martinez,457-36-2184,"8651 Jackson Forges
Martinberg, DE 23805",N,hours
809,Brian Thomas,217-56-8200,"72236 Summer Shoals Suite 198
East Michael, NE 85952",N,miles
810,Susan Hicks,225-13-9586,"4161 Camacho Stravenue
Joshuaton, VI 63896",N,miles
811,Larry Johnson MD,220-25-4792,"63497 Estes Corners
Nathanberg, AK 68825",Y,miles
812,Michael Miller,788-60-7464,"26736 Rachel Burgs
Smithstad, MP 51763",Y,hours
813,Ashley Gardner,398-36-5824,"29925 Nancy Forks
Shieldston, GA 96639",Y,hours
814,Jason Green,176-23-8822,"940 Danielle Street Apt. 780
Port Matthewhaven, WY 12898",Y,hours
815,Jerry Miller,200-94-9806,"30115 William Summit
Francoton, FL 48683",Y,hours
816,Eduardo Poole,593-05-2211,"88061 Denise Coves
Port Andre, MH 53731",Y,miles
817,Samantha Bailey,619-83-8819,"285 Carpenter Curve Suite 297
Lisaton, IN 83239",Y,miles
818,Alex Garcia,118-15-3165,"72969 Oliver Curve Apt. 169
South William, NJ 48266",N,hours
819,James Lopez,732-87-2960,"50671 James Ridge Apt. 245
Lake Leahborough, NH 83768",Y,miles
820,Jason Thompson,783-66-9831,"572 Brian Islands Apt. 225
Shawnshire, MI 35095",N,miles
821,Lawrence Hernandez,063-55-8073,"005 Thompson Estates
Port Codyton, GA 57230",N,miles
822,Veronica Romero DVM,434-79-7335,"PSC 3527, Box 1295
APO AE 24725",Y,miles
823,Mrs. Alexa Bean MD,547-83-9473,"USS Aguirre
FPO AP 77594",Y,hours
824,Natalie Simmons,049-66-5844,"323 Andre Underpass
Webbton, SC 74497",Y,hours
825,David Hall,625-89-8198,"3593 Reid Squares Suite 087
Port Brandon, SC 50900",Y,miles
826,Eric Campos,716-80-3792,"USCGC Williams
FPO AE 63471",N,miles
827,Katherine Nelson,086-47-4546,"48163 Tucker Skyway Apt. 419
New Michele, FL 64403",Y,hours
828,Michelle Chaney,046-65-1450,"993 Brown Shoal
South Christian, CT 37467",N,hours
829,Christopher Morrow,635-33-5867,"7374 Hernandez Inlet Suite 961
Oconnorfurt, MP 40588",N,hours
830,Nicholas Stevenson,808-33-0158,"743 Seth Path Apt. 540
Jasonville, AL 70562",N,hours
831,Robert Becker,242-51-2173,"941 Joanne Courts Suite 951
Chelseaburgh, DE 74463",N,hours
832,Cameron Avery,335-47-0918,"Unit 1621 Box 4282
DPO AP 72153",Y,hours
833,Trevor Lee,023-07-9615,"4407 Gonzalez Inlet
Goodwinchester, WV 03188",Y,miles
834,Marie Pope,654-05-7195,"0736 Meghan Skyway
Ethanside, ND 34888",Y,miles
835,Joshua Bell,053-62-5169,"3147 Walls Overpass
Lake Chelsea, AK 47123",Y,miles
836,Stephanie Harrison,497-82-7991,"88612 Jonathan Place Suite 245
Lake Jaytown, OH 75316",Y,hours
837,Maria Hensley,355-64-1648,"32602 Gibson Locks
Hoffmanside, NV 15787",N,miles
838,Jared Blevins,218-52-4208,"99472 Lozano Skyway
East Stevechester, DC 34823",Y,hours
839,Renee Sexton,894-15-9212,"9143 Turner Center
Kellerborough, SD 99646",Y,miles
840,Brandon Bernard,157-85-6537,"06825 Brewer Unions
Port Rebecca, NJ 22018",N,hours
841,Cameron Moore,243-52-9229,"51266 Rebecca Shoals Suite 985
New Caitlinview, HI 22846",N,miles
842,Andrea Thornton,305-85-3207,"435 Bryan Cliff Suite 855
North Austin, DC 41111",Y,hours
843,Brittney Perry,718-82-4105,"4837 Jeffrey Club
Isaacborough, MH 92241",Y,miles
844,Jill Sanchez,046-18-3303,"96290 Orozco Divide Suite 298
East Jamesmouth, MN 26020",N,miles
845,Jacob Pearson,484-17-3538,"Unit 7412 Box 5570
DPO AP 21682",N,hours
846,Michelle Lewis,780-16-1603,"27786 Maria Mission
Port Josephport, WY 26001",Y,hours
847,Chelsea Gilbert,078-13-7759,"81885 Michael Vista
Walkerbury, VI 62257",Y,miles
848,Patrick Williams,297-57-3986,"Unit 0463 Box 5715
DPO AA 55944",N,hours
849,Nicholas Hernandez,581-66-1783,"633 Lawrence Mews
Clarkhaven, MS 76492",N,miles
850,Jonathan Clay,822-11-1822,"736 Hayes Flat
South Jeffreybury, DC 09765",N,miles
851,Amy Yates,105-64-5917,"PSC 9734, Box 1613
APO AE 88416",Y,miles
852,Claire Carter,643-07-2761,"02014 Forbes Throughway
Spencertown, OH 64815",Y,miles
853,Jason Winters,798-67-2919,"96800 David Parkway Apt. 328
Nelsonberg, NH 47717",N,hours
854,Anthony White,377-62-6077,"5062 Sherry Lock
North Stephen, FL 65941",N,miles
855,Stephen Castillo,146-02-8196,"25507 Daniel Parkway
Hernandezport, ID 37592",Y,miles
856,Cathy Smith,088-42-8005,"USNV Scott
FPO AE 29972",Y,miles
857,Kathleen Edwards,188-44-1727,"576 Jennifer Junctions
North Ashley, NY 60536",N,miles
858,Dawn Dunn,024-89-4668,"118 Eric Lake
Davidside, OK 67718",N,miles
859,John Davis,345-66-8037,"40593 Brandi Center Apt. 462
South Kariburgh, ID 13724",Y,hours
860,Pamela Ford,396-32-3830,"353 Buckley Oval Apt. 769
New Jacob, VA 75754",N,miles
861,Matthew Hood,853-92-6617,"2404 Welch Rest Apt. 470
Rodriguezberg, GA 78390",Y,hours
862,Meghan Sherman,769-20-5168,"7193 Henderson Ford
East Tinachester, CO 05238",Y,hours
863,Cassandra Robinson,655-42-4186,"747 Stephens Forges
Port Heather, FM 46738",Y,miles
864,Mitchell Moran,361-12-1469,"809 David Brook
Lake Jasonmouth, NJ 73281",Y,hours
865,Todd Harrison,411-74-3317,"3084 Madden Union Apt. 704
Wagnerton, MI 04247",N,hours
866,Julia Kaiser,299-19-9904,"831 Scott Light
New Carmen, AK 01557",Y,hours
867,Kevin Patterson,747-22-5233,"27805 Linda Mountains
East Elizabethview, MS 46682",Y,hours
868,Erica Suarez,559-66-1235,"3157 Emily Cliff Apt. 693
Lake Gabrielberg, NE 60194",N,hours
869,Maria Nguyen,714-62-1132,"3129 Caitlyn Bridge
East Sabrina, CT 82766",Y,hours
870,Elizabeth Johnson,055-41-6175,"77054 Elaine Highway Apt. 626
New Jenniferchester, IL 56305",N,miles
871,Mark Allen,008-25-3847,"58059 William Rapids Apt. 514
Jamesfurt, ME 36911",N,hours
872,Cameron Castro,492-14-6738,"69390 Wilkerson Burg
North Tamarachester, PW 12783",Y,hours
873,Keith Reed,678-99-8862,"607 Elizabeth Common Suite 949
West Richardbury, PW 01533",N,hours
874,Brittany Johnston,334-01-2897,"625 Castillo Way Suite 857
East David, OK 24394",N,miles
875,Jeffrey Hartman,890-80-7387,"5818 John Stravenue Apt. 412
Christianhaven, LA 50407",N,miles
876,Patricia Harris,192-07-4258,"4990 Ashley Inlet Apt. 711
Perryport, NJ 89822",Y,miles
877,Matthew Calderon,465-32-9625,"USNS Jackson
FPO AE 37960",N,hours
878,Paul Garza,601-62-6540,"5569 Curtis Avenue
Williamsfort, HI 07800",N,miles
879,Sabrina Schwartz,457-53-0089,"7243 Andrew Trafficway
Thomastown, MN 92698",N,hours
880,Lisa Thomas,008-53-5918,"PSC 7670, Box 8503
APO AE 23628",Y,miles
881,Sean Beard,423-37-5681,"8854 Megan Spur Suite 553
West Jonathan, MI 67047",N,hours
882,Eric Tate,151-96-6523,"247 Edward Viaduct
Lake Amyville, CO 14345",Y,hours
883,Norma Miller,060-63-4827,"660 Stephanie Avenue
Garciaville, NM 59806",N,hours
884,Keith Mcdonald,704-94-4029,"3599 Moody Prairie Suite 351
East Laurashire, UT 46356",N,miles
885,Ashley Alvarado,407-87-6692,"229 Smith Manors Apt. 573
North Brandyview, AR 26954",Y,miles
886,Tonya Cabrera,104-86-0924,"0693 Mack Cliff
Allenchester, NV 05979",N,miles
887,Steven Stafford,012-83-8892,"067 Robert Plains
South Christopherview, TX 24888",Y,hours
888,Angelica Mullen,674-21-4498,"14865 Michael Key Suite 224
South Teresamouth, DE 97721",Y,hours
889,Stacy Potter,823-51-9281,"68266 Kevin Vista Suite 386
Natashamouth, TX 91284",Y,hours
890,Heather Jones,092-59-3652,"3069 Werner Grove
South Frank, MH 22746",Y,miles
891,Laura Erickson,048-55-6082,"5994 Bauer Stream
New Sharonborough, NC 53577",N,hours
892,Amber Edwards,360-89-9673,"6154 Harris Gardens Apt. 761
Velasquezside, HI 53254",Y,miles
893,Katrina Rice,012-83-3552,"304 Christine Alley
South Arthur, ME 45042",N,hours
894,Billy Graham,891-89-9058,"Unit 5047 Box 7097
DPO AA 18654",N,hours
895,Rose Zavala,663-68-9842,"65797 Bryant Camp
New Jenniferstad, NJ 20753",N,miles
896,Andrew Schultz,603-06-7436,"842 Scott Mill
New Elizabeth, NV 45124",N,miles
897,Tammy Ingram,152-35-6301,"0421 Jessica Forks Suite 949
Port Marcusborough, AR 25171",N,miles
898,Laura Campbell,731-49-6839,"066 Houston Motorway Apt. 387
Kimberlyborough, WA 20318",Y,miles
899,Elizabeth Whitaker,129-22-8040,"752 Jaime Walk Suite 056
Wileyfort, AK 75128",Y,hours
900,Jackson Curtis,605-51-1659,"USNV Delgado
FPO AP 41017",N,hours
901,Amber Fuentes,752-28-7633,"10237 Kevin Run Apt. 088
Port Johnville, VI 47418",N,hours
902,Jennifer Fisher,248-84-0436,"086 Mitchell Manor
Robintown, RI 09456",N,hours
903,Andrea Taylor,141-83-1500,"865 Flynn Canyon Suite 537
Danielmouth, MP 31284",N,miles
904,Kenneth Mcmillan,484-93-6527,"381 Kenneth Throughway Suite 821
Port Cassandra, WY 26094",Y,miles
905,Tina Mckay,192-77-5167,"498 Carpenter Orchard
Port Scott, ID 78486",N,miles
906,Virginia Johnson,255-71-9332,"Unit 1578 Box 7358
DPO AP 35282",Y,hours
907,Louis Vaughan,595-86-0842,"62554 Deborah Villages Apt. 090
North Chelsey, MS 14795",N,miles
908,Courtney Johnson,667-02-7848,"Unit 6384 Box 4376
DPO AE 75441",N,hours
909,Michael Harris,402-13-1351,"9494 Wyatt Plain
Port Kevinmouth, MI 15527",N,miles
910,Barbara Fields,443-12-1468,"73198 Richard Stream
West Daniel, FL 89117",Y,miles
911,Barbara Hernandez,287-55-7827,"63138 Amanda Forges Suite 086
South Greg, SC 78834",Y,miles
912,Jake Hull,745-86-0713,"16546 Anne Turnpike Suite 137
East Timothyshire, MO 33244",Y,hours
913,David Rocha,307-51-0085,"89591 Eric Flats Apt. 863
Stephenchester, PW 15400",N,hours
914,Calvin Lloyd,614-41-2262,"719 Duncan River
North Rebeccaburgh, VT 50275",Y,hours
915,John Clark,766-65-9552,"Unit 5730 Box 1926
DPO AP 78221",N,hours
916,Heather Taylor,134-72-0116,"Unit 6797 Box 7955
DPO AA 48374",N,miles
917,Todd Alexander,610-88-3945,"069 Robin Passage Apt. 612
South Robert, HI 44628",Y,miles
918,David Collins,859-69-7952,"785 Lowe Stravenue Suite 753
Jacobmouth, NM 69400",N,hours
919,Gregory Murphy,111-81-7969,"698 Sue Via Suite 477
New Joshua, OR 76095",N,hours
920,Kristina Mendez,883-46-4520,"3726 Anderson Ramp
Geraldborough, TN 37957",Y,hours
921,Danielle Butler,145-85-2820,"075 Murphy Track
West Dominiqueville, MA 38405",Y,miles
922,David Sanchez,717-90-4691,"9447 Smith Street
Port Eric, AR 87955",N,hours
923,Theresa Smith PhD,245-32-4317,"633 Brown Field
North Kenneth, MI 01061",N,hours
924,John Evans,574-14-5714,"453 Valdez Unions Apt. 720
Jacquelinehaven, OK 16863",Y,hours
925,Kristen Martin,729-95-9361,"7474 Susan Fork
Markstad, OH 08802",Y,hours
926,Kirk Holloway,657-10-9899,"515 Thomas Knoll
South Jonathanburgh, ND 13940",Y,hours
927,Sean Gonzales,165-66-3532,"35788 Christopher Mountains Apt. 292
South Shawn, WA 57858",N,miles
928,Stefanie Carrillo,465-62-6334,"53738 Hudson Prairie Suite 095
Spencerland, FM 31456",Y,miles
929,Kimberly Allen,342-75-6580,"USNS Owens
FPO AE 37039",N,hours
930,Regina Barr,034-69-6738,"0241 Smith Rapids Apt. 418
East Katherineport, OK 23872",Y,hours
931,Jessica Wise,582-84-0368,"8744 Pope Springs
West Arthur, MI 19945",Y,miles
932,Melissa Hubbard,407-13-4043,"85911 Rose Spur Suite 955
New Amandachester, HI 28209",N,miles
933,Dr. Alison Hicks,722-06-6110,"612 Jorge Square Apt. 685
Tonyville, CA 05633",N,miles
934,Amanda Nelson,199-06-8429,"0287 Hunt Alley
Olsonbury, WI 86886",Y,hours
935,Kimberly Davis,802-90-7059,"7388 Steele Plaza
West Alexandria, PA 93301",Y,miles
936,Brandy Powers,535-64-0205,"4937 Danielle Port Apt. 797
Andreafurt, MA 64974",N,miles
937,Andrew Robles,483-77-1558,"76037 Angela Square
New Toddmouth, LA 29014",Y,miles
938,Andre Moore,557-71-2117,"364 Barnes Ways Suite 393
Davidside, IL 90468",Y,hours
939,Shane Hart,167-51-3887,"426 Sheila Circle Apt. 903
Bettystad, RI 89189",Y,miles
940,Joyce Thomas,257-38-4295,"97401 Barbara Run Suite 316
North Patriciahaven, CA 55303",N,hours
941,Nicholas Mullins,429-85-0842,"0452 Miller Viaduct Suite 358
South Tommy, OH 32927",N,miles
942,Michelle Thomas,455-73-3855,"1345 Gregory Inlet
Powellland, OK 29116",Y,miles
943,Amy Bishop,823-50-6854,"294 Daniel Meadows Apt. 580
Robertside, WV 65906",N,hours
944,Jill Wong,512-11-7591,"2682 Annette Rest
North Derek, MH 72084",Y,miles
945,Julie Wilson,696-20-5379,"84235 Beck Crescent Apt. 360
Brownstad, PA 13199",Y,hours
946,Wendy Smith,527-66-2726,"988 Ball Common
Lake Jesusmouth, VI 56186",Y,hours
947,Thomas Mendoza,010-72-4392,"055 Barnes Mountain
Lake Nicholas, IL 71814",N,miles
948,Danielle Thompson,808-23-9539,"61983 Howard Oval Suite 756
Gordonport, WA 11684",Y,miles
949,Brian Jones,893-96-6591,"68952 Adams Rue Suite 857
West Jennifershire, AS 27353",N,hours
950,Michelle Campos,417-33-4501,"170 Raymond Point Suite 546
Brandonville, VI 33434",N,hours
951,Caroline Taylor,884-55-5284,"270 Lopez Vista
Frankside, OK 40140",Y,hours
952,Andrew Rivas,614-56-6680,"0828 Anthony Field Suite 391
East Marybury, OR 02515",N,miles
953,Ashley Adams,884-92-1102,"1010 Duarte Springs Apt. 050
South Jameston, GU 12496",N,hours
954,Emily James,169-29-0715,"4525 Jackson Road
Webbberg, SD 20816",Y,miles
955,Teresa Peterson MD,086-78-0845,"746 Kathy Freeway
Port Ashleyville, MP 50761",N,hours
956,Ebony Yu,305-69-3060,"19021 Nathan Falls Apt. 058
Port Kristen, IN 21330",N,miles
957,Courtney Cabrera,022-58-0488,"8714 Butler Path
North Andre, IN 19230",N,hours
958,Chloe Garcia,880-68-8489,"PSC 6468, Box 3299
APO AA 53937",Y,miles
959,Ryan Ibarra,103-25-5220,"4613 Knapp Tunnel Suite 934
Jonesville, FL 60867",N,hours
960,Joshua Patterson,471-73-3248,"04333 Gould Heights
West Thomaschester, ME 66285",Y,hours
961,Andrew Herrera,662-88-3015,"4228 Christina Path Suite 966
New Kennethburgh, WY 64588",N,miles
962,Kaitlyn Johnson,816-55-8093,"6530 Robinson Estates Apt. 372
East Mark, VT 60199",N,miles
963,Mario Luna,261-21-4333,"9176 William Spur Suite 711
West Chloeside, FM 29579",N,miles
964,Joseph Williams,605-86-3341,"9949 Velasquez Landing Apt. 425
Jonesmouth, VI 71693",Y,hours
965,Kelly Reese,745-80-1396,"69351 Jennifer Forge
Simsfort, PA 52325",N,hours
966,Philip English,639-58-4604,"8112 Miller Cove
Castanedaberg, MH 73787",Y,hours
967,Mrs. Shawna Ferguson MD,828-59-0539,"00393 Price Harbors
Carneyhaven, ND 37593",N,hours
968,Amanda Palmer,161-24-2345,"9499 Calderon Dale Apt. 223
North Christinehaven, CA 95214",N,miles
969,Cheryl Martin,778-36-3746,"8092 Vasquez Springs Suite 773
West James, DE 46815",Y,miles
970,Christopher Anderson,247-91-2585,"63466 Michelle Ports
South Michael, MH 88394",Y,hours
971,John Hill,287-82-4166,"336 Christina Drive Suite 484
Port Kristen, WI 12524",N,hours
972,Jacqueline Brown,048-85-8445,"346 Hobbs Pike
Arianachester, WY 16310",N,hours
973,Elizabeth Shea,045-75-1778,"718 Brandy Canyon Suite 300
Lake Michael, MI 03718",Y,hours
974,Joe Martin,127-95-6999,"1690 Williams Burgs Apt. 806
Sophiatown, ME 43086",N,hours
975,Ricardo Jenkins,251-79-5504,"656 Emily Glens Suite 787
North Erinburgh, OK 22856",N,hours
976,Kenneth Owen,454-74-0731,"4359 Valdez Greens
Deleonborough, NV 14548",Y,hours
977,April Ramirez MD,186-80-0852,"6449 Jeremy Forges
Christinamouth, UT 77756",Y,hours
978,Melissa Dunn,808-26-8599,"546 Potter Fields Suite 330
South Robertport, CT 37443",Y,hours
979,Alexis Rogers,048-11-8043,"0392 Johnson Forges Apt. 238
South Krystalton, NJ 76285",Y,hours
980,Dr. Lauren Green,632-52-9093,"684 Harvey Cove Suite 843
Murphyview, AS 49324",Y,hours
981,Ricardo Ortiz,047-33-8601,"56501 Ross Street Apt. 665
North Mitchellbury, MT 68651",N,hours
982,Brenda Gill,775-93-4292,"8956 Guerra Estate
East Charles, NV 27904",Y,miles
983,James Hampton,417-96-6935,"215 Kimberly Circles Apt. 564
North Brian, ND 30071",N,hours
984,Gary Estes,057-07-1258,"2304 Smith Turnpike
East Chelseamouth, DC 86853",Y,hours
985,Stephanie Baxter,184-36-6884,"975 Ortega Path
Francisstad, HI 82581",N,hours
986,Vanessa Anderson,451-72-8853,"0898 Joel Mountain Suite 050
Colemanmouth, TX 75448",N,hours
987,Donna Zimmerman,171-28-4559,"12509 David Forges Apt. 010
Gonzalezfurt, MI 20820",N,hours
988,Shannon Johnson,478-10-3452,"51496 Anne Route
Maureenburgh, WA 20196",Y,hours
989,Rachel Mitchell,211-41-9116,"8467 Perkins Bypass
New Brian, MT 01905",Y,hours
990,Meghan Payne,247-06-0184,"6645 Evans Run Suite 225
Josephside, NV 68245",Y,miles
991,Holly Wang,140-38-8167,"447 Melissa Summit Suite 118
West Derek, KS 54418",Y,hours
992,Tammy Gomez,157-88-1060,"62605 Pollard Keys Suite 607
South Carrie, NM 74213",Y,miles
993,Brian Brooks,368-59-6215,"40588 Katherine Throughway
Kyleland, RI 57503",N,hours
994,Rhonda Klein,619-71-2443,"2088 Murray Light Apt. 484
Mccoyfort, NJ 96990",Y,hours
995,Mr. Terry Higgins,311-40-6331,"76838 Kathleen Mill
Moseschester, FL 83744",N,hours
996,Christine Hernandez,717-80-6813,"2963 Owens Throughway
Steventon, AZ 65022",N,hours
997,Michael Wolf,780-33-4328,"8293 Nelson Crossroad Suite 252
East Anthony, OK 19204",Y,hours
998,James Taylor,847-54-6099,"8998 Smith Flat Apt. 685
North Paulfurt, CT 96667",N,miles
999,Miranda Williams,739-41-4565,"72313 Carlson Spur
Richardstad, SC 82758",N,hours
1000,Matthew Oconnor,537-34-4346,"2310 Arnold Street Suite 761
South Benjaminberg, RI 68446",Y,hours
1001,Daniel Miller,435-69-3163,"539 Joan Course Suite 358
New Lori, OH 91153",Y,miles
1002,James Perry,796-41-2959,"7919 Richard Village Suite 440
Lindaside, VA 80977",Y,miles
1003,Edward Jackson,869-29-2143,"22066 Chelsey Stream
North Karla, AR 86308",N,hours
1004,Daniel Cain,567-63-3822,"USNS Smith
FPO AE 68102",N,miles
1005,Matthew Chambers,069-57-3629,"98698 Zachary Glen
North Dylanshire, ND 62890",Y,miles
1006,Alison Bender,089-20-3898,"1462 Jesse Fork Apt. 990
East Charles, NJ 09821",N,hours
1007,Brian Tate,307-58-5729,"017 Martinez Glens
New Brandonberg, AL 84519",N,miles
1008,Emily Nichols,124-96-1716,"52199 Shaw Lodge Apt. 405
Lake Christopherland, FL 23953",N,hours
1009,Mr. William Craig MD,384-60-4739,"845 Wheeler Green
West Austin, GU 91507",N,miles
